55058058484	2012-08-21	08	529
22295019354	2012-08-21	11	235
22295026780	2012-08-21	06	95
22295018170	2012-08-21	01	233
22295030686	2012-08-21	09	1628
55058006730	2012-08-21	16	146
22295026670	2012-08-21	16	178
22295014919	2012-08-21	13	186
55058006740	2012-08-21	15	360
22295010208	2012-08-21	11	572
22295018907	2012-08-21	15	53
55058050682	2012-08-21	19	28
22295024847	2012-08-21	20	188
22295038488	2012-08-21	11	1100
55058006690	2012-08-21	15	190
22295016840	2012-08-21	03	236
22295026830	2012-08-21	21	337
22295026670	2012-08-21	23	29
55058044727	2012-08-21	09	117
22295026760	2012-08-21	09	340
22295026780	2012-08-21	04	91
22295030686	2012-08-21	07	2404
55058009933	2012-08-21	22	244
22295038488	2012-08-21	13	1830
22295016800	2012-08-21	09	5
55058058484	2012-08-21	09	136
22295019354	2012-08-21	10	112
22295026690	2012-08-21	11	22
55058006730	2012-08-21	17	39
22295018907	2012-08-21	17	420
22295010208	2012-08-21	13	761
22295026700	2012-08-21	08	83
22295026680	2012-08-21	00	322
22295016840	2012-08-21	02	360
55058006680	2012-08-21	09	52
22295016760	2012-08-21	13	60
55058006690	2012-08-21	14	213
55058006660	2012-08-21	15	59
22295024887	2012-08-22	00	202
22295020604	2012-08-21	17	9
22295030686	2012-08-21	06	1687
22295038484	2012-08-21	18	3627
55058058484	2012-08-21	22	272
55058009933	2012-08-21	20	89
22295024847	2012-08-21	05	38
55058006740	2012-08-21	04	126
22295019354	2012-08-21	12	54
22295026760	2012-08-21	08	1308
22295016670	2012-08-21	18	30
22295024847	2012-08-21	21	282
22295026680	2012-08-21	06	360
22295016740	2012-08-22	00	36
22295014919	2012-08-21	14	262
55058000011	2012-08-21	05	38
55058044727	2012-08-21	18	130
22295016740	2012-08-21	13	7
22295028903	2012-08-22	00	8
55058054727	2012-08-21	09	250
22295026780	2012-08-21	05	149
22295030686	2012-08-21	04	730
55058006680	2012-08-21	08	54
55058006740	2012-08-21	05	303
22295020604	2012-08-21	16	31
22295010208	2012-08-21	12	817
55058006730	2012-08-21	01	273
22295018907	2012-08-21	16	181
22295039835	2012-08-21	22	21
22295026700	2012-08-21	09	138
22295038484	2012-08-21	19	6172
22295026690	2012-08-21	10	59
55058058484	2012-08-21	23	414
22295038488	2012-08-21	12	1196
22295026680	2012-08-21	07	360
22295024847	2012-08-21	12	474
22295038488	2012-08-21	14	1568
55058044727	2012-08-21	19	78
55058058484	2012-08-21	21	422
55058009933	2012-08-21	21	414
55058006740	2012-08-21	07	310
55058040407	2012-08-21	11	706
22295024847	2012-08-21	06	467
22295016820	2012-08-21	13	93
22295019354	2012-08-21	13	89
22295016740	2012-08-21	12	270
22295036780	2012-08-21	16	320
22295016840	2012-08-21	01	321
22295039835	2012-08-21	23	57
22295026680	2012-08-21	05	360
55058054727	2012-08-21	08	329
22295018170	2012-08-21	12	130
22295016700	2012-08-21	08	93
22295030686	2012-08-21	05	964
22295026700	2012-08-21	20	92
22295026730	2012-08-21	18	45
22295024847	2012-08-21	13	1085
55058006730	2012-08-21	02	89
55058040407	2012-08-21	10	538
22295039835	2012-08-21	21	361
22295026780	2012-08-21	18	31
55058000011	2012-08-21	08	129
22295038488	2012-08-21	15	1877
22295016680	2012-08-22	00	35
55058058484	2012-08-21	18	914
22295019835	2012-08-21	19	172
22295026700	2012-08-21	22	39
22295030686	2012-08-21	03	743
22295028903	2012-08-21	18	197
22295024847	2012-08-21	11	548
22295016750	2012-08-21	11	16
55058058484	2012-08-21	20	670
55058006740	2012-08-21	06	197
22295026810	2012-08-21	19	61
55058040407	2012-08-21	12	360
22295024847	2012-08-21	07	476
22295016700	2012-08-21	09	23
55058006670	2012-08-21	14	40
22295018170	2012-08-21	13	419
22295038488	2012-08-21	17	3254
22295026730	2012-08-21	09	107
22295010011	2012-08-21	03	268
22295036780	2012-08-21	17	223
22295024919	2012-08-21	12	3154
22295026780	2012-08-21	19	87
22295026680	2012-08-21	04	360
55058059933	2012-08-21	05	47
22295016740	2012-08-21	22	356
55058048452	2012-08-21	18	155
22295030686	2012-08-21	02	1077
22295020604	2012-08-21	13	76
22295019835	2012-08-21	18	270
22295019845	2012-08-21	18	309
22295016660	2012-08-21	10	18
22295016750	2012-08-21	13	370
22295039835	2012-08-21	20	150
22295018934	2012-08-21	12	926
55058059933	2012-08-21	07	80
55058058484	2012-08-21	19	490
22295036780	2012-08-21	11	153
22295020011	2012-08-21	12	63
22295028903	2012-08-21	07	547
22295024919	2012-08-21	13	1218
22295016740	2012-08-21	17	155
22295024847	2012-08-21	10	712
22295010011	2012-08-21	02	95
55058006690	2012-08-22	00	64
22295030686	2012-08-21	00	1303
22295026700	2012-08-21	23	128
55058000682	2012-08-21	22	36
55058040407	2012-08-21	13	600
22295026800	2012-08-21	01	42
22295020011	2012-08-21	10	49
22295016740	2012-08-21	23	226
22295038488	2012-08-21	16	2496
22295020604	2012-08-21	12	148
55058050682	2012-08-21	22	490
22295019845	2012-08-21	19	114
22295026730	2012-08-21	08	337
22295026660	2012-08-21	00	404
22295016810	2012-08-21	05	65
22295010011	2012-08-21	00	806
55058000682	2012-08-21	20	181
22295018934	2012-08-21	13	687
22295016680	2012-08-21	23	689
22295024847	2012-08-21	16	1096
22295016690	2012-08-21	00	154
22295024919	2012-08-21	11	2611
55058048452	2012-08-21	19	110
22295023008	2012-08-21	21	4147
22295016740	2012-08-21	16	103
55058040407	2012-08-21	15	73
22295016660	2012-08-21	13	51
22295016740	2012-08-21	08	223
22295016800	2012-08-21	00	55
22295016740	2012-08-21	21	382
22295018170	2012-08-21	10	111
22295018934	2012-08-21	11	719
22295036780	2012-08-21	12	240
22295020604	2012-08-21	22	61
22295038488	2012-08-21	08	2180
22295016720	2012-08-21	04	94
55058050682	2012-08-21	23	559
22295018170	2012-08-21	09	465
22295026660	2012-08-21	01	264
22295016750	2012-08-21	14	186
55058006660	2012-08-21	00	154
22295026730	2012-08-21	14	121
22295018170	2012-08-21	16	157
22295030686	2012-08-21	01	1027
22295016790	2012-08-21	21	60
55058058484	2012-08-21	00	60
22295028903	2012-08-21	06	166
22295016680	2012-08-21	22	297
22295024847	2012-08-21	17	592
22295016670	2012-08-21	13	370
22295026730	2012-08-21	07	47
55058050682	2012-08-21	21	152
22295019845	2012-08-21	23	172
55058040407	2012-08-21	14	428
22295020604	2012-08-22	00	58
22295023008	2012-08-21	20	3896
22295026690	2012-08-21	01	69
22295026730	2012-08-21	16	90
55058000367	2012-08-21	10	99
22295024919	2012-08-21	10	1201
55058000682	2012-08-21	21	132
22295016680	2012-08-21	20	98
22295024847	2012-08-21	15	335
22295010011	2012-08-21	01	361
22295020604	2012-08-21	23	137
22295026660	2012-08-21	03	319
22295034639	2012-08-21	09	114
22295039835	2012-08-21	08	344
22295016660	2012-08-21	03	125
22295026730	2012-08-21	05	176
22295018170	2012-08-21	08	188
22295020011	2012-08-21	17	220
22295016800	2012-08-21	01	80
22295016750	2012-08-21	15	112
22295026690	2012-08-21	19	63
22295026800	2012-08-21	02	70
22295016740	2012-08-21	20	21
22295018170	2012-08-21	17	118
55058058484	2012-08-21	01	489
22295023008	2012-08-21	22	4804
22295026790	2012-08-21	13	59
22295016760	2012-08-21	09	15
22295036780	2012-08-21	13	203
22295010011	2012-08-21	07	125
22295016670	2012-08-21	12	219
55058044727	2012-08-21	07	145
22295038488	2012-08-21	09	906
22295018934	2012-08-21	10	411
22295014919	2012-08-21	09	400
55058006660	2012-08-21	01	151
22295016750	2012-08-21	17	499
22295016660	2012-08-21	14	195
55058000367	2012-08-21	11	110
55058058484	2012-08-21	03	193
22295026840	2012-08-21	13	7
22295016670	2012-08-21	10	211
22295018934	2012-08-21	16	330
22295039835	2012-08-21	09	513
22295034639	2012-08-21	08	107
55058050682	2012-08-21	20	272
22295016660	2012-08-21	02	68
22295020011	2012-08-21	00	87
22295020011	2012-08-21	16	77
22295026810	2012-08-21	21	325
22295016840	2012-08-21	08	239
22295026760	2012-08-21	16	731
22295016680	2012-08-21	21	78
22295024847	2012-08-21	14	193
55058044727	2012-08-21	10	122
22295010011	2012-08-21	06	307
22295026770	2012-08-21	11	63
22295026660	2012-08-21	02	425
22295026690	2012-08-21	02	20
22295026730	2012-08-21	17	45
55058000367	2012-08-21	13	213
22295036780	2012-08-21	21	249
55058040407	2012-08-21	09	204
22295010604	2012-08-21	09	93
55058058484	2012-08-21	13	937
22295023008	2012-08-21	23	6077
22295016660	2012-08-21	00	249
55058040407	2012-08-21	17	39
22295010011	2012-08-21	04	120
22295026760	2012-08-21	17	1279
22295026730	2012-08-21	11	143
22295026840	2012-08-21	12	76
22295020011	2012-08-21	01	61
22295036780	2012-08-21	23	488
22295018934	2012-08-21	17	294
22295026810	2012-08-21	20	30
22295026660	2012-08-21	04	285
22295016760	2012-08-21	08	296
22295018170	2012-08-21	14	209
55058006680	2012-08-21	23	78
55058058484	2012-08-21	02	298
55058044727	2012-08-21	11	66
22295026830	2012-08-21	16	377
22295014919	2012-08-21	08	10
22295026820	2012-08-21	23	32
22295016760	2012-08-21	06	95
22295018934	2012-08-21	15	407
22295026810	2012-08-21	22	367
22295020604	2012-08-21	04	360
22295026760	2012-08-21	15	457
22295016670	2012-08-21	11	301
22295038488	2012-08-22	00	128
55058058484	2012-08-21	12	647
22295026660	2012-08-21	05	226
55058044727	2012-08-21	13	79
22295026770	2012-08-21	12	262
22295026730	2012-08-21	10	161
22295016750	2012-08-21	18	51
55041009589	2012-08-21	12	41
55058000367	2012-08-21	12	133
22295039835	2012-08-21	18	69
22295016670	2012-08-21	17	375
55058006680	2012-08-21	22	360
22295024919	2012-08-21	09	1452
55058058484	2012-08-21	10	497
55058000682	2012-08-21	01	30
22295016660	2012-08-21	01	98
55058040407	2012-08-21	08	1
22295026830	2012-08-21	17	16
55058000367	2012-08-21	14	194
22295036780	2012-08-21	22	434
22295016760	2012-08-21	07	210
22295019835	2012-08-21	11	529
22295026790	2012-08-21	11	115
22295026660	2012-08-21	07	329
22295020604	2012-08-21	05	360
22295024919	2012-08-21	14	682
22295016730	2012-08-21	05	178
22295010011	2012-08-21	05	86
22295026720	2012-08-21	08	29
22295016660	2012-08-21	07	364
22295019835	2012-08-21	20	31
22295026830	2012-08-21	15	9
22295034639	2012-08-21	05	424
22295026820	2012-08-21	22	143
22295016660	2012-08-21	16	109
55058050682	2012-08-22	00	101
55058006680	2012-08-21	20	101
22295016760	2012-08-21	05	94
22295018934	2012-08-21	14	453
22295026780	2012-08-21	11	22
22295026810	2012-08-21	23	311
22295020604	2012-08-21	07	341
22295016670	2012-08-21	16	338
22295024919	2012-08-21	08	16
22295026760	2012-08-21	14	179
22295039845	2012-08-21	22	148
55058000682	2012-08-21	00	105
22295026770	2012-08-21	13	589
22295016680	2012-08-21	08	126
55058000367	2012-08-21	21	408
22295026790	2012-08-22	00	35
22295016660	2012-08-21	18	118
55058058484	2012-08-21	07	318
55058000367	2012-08-21	15	48
22295039835	2012-08-21	19	71
22295019356	2012-08-22	00	174
22295019835	2012-08-21	10	295
22295019845	2012-08-21	10	322
22295018170	2012-08-21	19	341
22295039845	2012-08-21	07	99
55058006740	2012-08-22	00	64
22295026760	2012-08-21	12	429
22295039845	2012-08-21	20	319
55058058484	2012-08-21	11	348
22295038488	2012-08-21	03	900
22295018907	2012-08-21	08	575
22295016660	2012-08-21	06	42
22295019835	2012-08-21	21	120
22295026780	2012-08-21	13	95
22295034639	2012-08-21	04	447
22295026840	2012-08-21	17	16
22295016670	2012-08-21	14	264
55058000367	2012-08-21	17	347
22295026790	2012-08-21	23	147
22295019835	2012-08-21	12	550
22295026770	2012-08-21	15	269
22295026660	2012-08-21	06	173
22295019354	2012-08-21	21	155
55058044727	2012-08-21	14	118
22295026790	2012-08-21	16	169
22295016730	2012-08-21	06	29
22295026730	2012-08-21	13	185
22295018907	2012-08-21	21	126
22295016660	2012-08-21	04	67
55058006680	2012-08-21	21	36
22295019845	2012-08-21	11	723
22295019835	2012-08-21	23	70
22295034639	2012-08-21	06	478
55058000367	2012-08-21	20	144
22295016660	2012-08-21	19	98
55058058484	2012-08-21	17	789
22295026730	2012-08-21	00	88
22295024887	2012-08-21	23	2471
22295019835	2012-08-21	09	406
22295020604	2012-08-21	06	360
22295026840	2012-08-21	16	79
22295023008	2012-08-21	10	968
22295026760	2012-08-21	13	454
22295020011	2012-08-21	22	402
22295026710	2012-08-21	08	70
22295038488	2012-08-21	02	566
55058000682	2012-08-21	19	94
22295026660	2012-08-21	08	286
22295016760	2012-08-21	04	52
22295019354	2012-08-21	23	51
22295026790	2012-08-21	21	126
55058000367	2012-08-21	22	32
22295039845	2012-08-21	00	49
22295015770	2012-08-21	18	1943
55058044727	2012-08-21	15	52
22295026830	2012-08-21	12	264
22295010604	2012-08-21	15	209
22295024887	2012-08-21	22	2128
22295038488	2012-08-21	00	909
22295018907	2012-08-21	09	154
22295018907	2012-08-21	20	134
22295026680	2012-08-21	19	139
22295020604	2012-08-21	00	456
22295026780	2012-08-21	12	159
22295016670	2012-08-21	15	298
22295026760	2012-08-21	11	1051
55058058484	2012-08-21	16	299
22295018934	2012-08-21	19	52
22295039845	2012-08-21	21	365
22295020011	2012-08-21	07	85
22295019835	2012-08-21	13	211
22295026770	2012-08-21	16	344
55058044727	2012-08-21	17	184
22295023008	2012-08-21	11	1307
22295010604	2012-08-21	17	215
22295016730	2012-08-21	07	135
22295020011	2012-08-21	23	384
55058000367	2012-08-21	16	177
22295026660	2012-08-21	09	443
22295034639	2012-08-21	07	464
55058058484	2012-08-21	14	1222
22295016670	2012-08-21	08	447
22295024887	2012-08-21	20	2084
55058000682	2012-08-21	05	23
22295018907	2012-08-21	22	246
22295016660	2012-08-21	05	101
22295019835	2012-08-21	22	96
22295026830	2012-08-21	13	145
22295020011	2012-08-21	21	360
55058009933	2012-08-21	00	180
22295019835	2012-08-21	15	462
22295016760	2012-08-21	03	106
22295028903	2012-08-21	08	237
55058000367	2012-08-21	18	289
22295026790	2012-08-21	15	74
22295020604	2012-08-21	01	360
22295016680	2012-08-21	05	89
22295034639	2012-08-21	19	257
22295019835	2012-08-21	08	288
22295023008	2012-08-21	13	2820
22295026690	2012-08-22	00	58
22295015770	2012-08-21	19	1918
22295023987	2012-08-21	16	1328
22295019845	2012-08-21	12	121
22295020194	2012-08-21	08	1503
22295039835	2012-08-21	00	173
22295030682	2012-08-21	18	1850
22295026720	2012-08-21	16	13
22295034639	2012-08-21	01	389
22295020604	2012-08-21	03	360
22295026780	2012-08-21	15	93
22295020194	2012-08-21	18	1587
22295026760	2012-08-21	10	570
22295016670	2012-08-21	09	143
22295024887	2012-08-21	16	1017
22295016760	2012-08-21	01	189
22295038488	2012-08-21	01	1373
22295015770	2012-08-21	17	1390
22295019845	2012-08-21	14	164
22295010604	2012-08-21	16	376
22295019835	2012-08-21	14	355
22295026710	2012-08-21	13	129
22295039845	2012-08-21	16	244
22295016700	2012-08-21	16	141
55058000367	2012-08-21	19	278
22295034639	2012-08-21	23	102
22295028903	2012-08-21	09	142
55058006750	2012-08-21	11	197
22295026770	2012-08-21	17	442
55058054727	2012-08-21	15	245
55058058484	2012-08-21	15	1088
22295024887	2012-08-21	21	1559
22295038488	2012-08-21	07	1351
22295018907	2012-08-21	23	189
22295023987	2012-08-21	17	760
22295020194	2012-08-21	09	1139
22295034639	2012-08-21	00	281
22295030682	2012-08-21	19	3356
22295039835	2012-08-21	01	270
22295016700	2012-08-21	14	201
22295024887	2012-08-21	17	508
22295019835	2012-08-21	16	499
22295016680	2012-08-21	06	50
22295026840	2012-08-21	06	61
55058006750	2012-08-21	13	43
22295034639	2012-08-21	18	266
22295023008	2012-08-22	00	728
22295023008	2012-08-21	12	1541
22295039835	2012-08-21	13	333
22295016830	2012-08-22	00	35
22295026690	2012-08-21	23	11
22295020011	2012-08-21	20	325
22295015770	2012-08-21	22	320
22295023987	2012-08-21	15	1846
22295015770	2012-08-21	16	505
22295026830	2012-08-21	10	100
22295019845	2012-08-21	15	7
22295026710	2012-08-21	12	32
22295038488	2012-08-21	21	1422
22295034639	2012-08-21	02	399
22295039845	2012-08-21	17	343
22295026720	2012-08-21	15	63
22295034639	2012-08-21	22	131
22295019356	2012-08-21	18	935
22295016660	2012-08-21	08	24
22295020194	2012-08-21	19	843
55058054727	2012-08-21	14	320
22295023008	2012-08-21	14	2185
22295034639	2012-08-21	16	385
22295024887	2012-08-21	15	597
22295016760	2012-08-21	00	513
22295038488	2012-08-21	06	802
22295020604	2012-08-21	02	360
22295026690	2012-08-21	22	27
22295039845	2012-08-21	15	470
22295026800	2012-08-21	16	211
22295034639	2012-08-21	20	437
22295036780	2012-08-22	00	58
22295026840	2012-08-21	21	100
22295019845	2012-08-21	17	113
22295015770	2012-08-21	14	176
22295039835	2012-08-21	12	207
22295010604	2012-08-21	11	49
22295030682	2012-08-21	21	2194
22295015770	2012-08-21	23	132
22295028903	2012-08-21	22	290
22295038488	2012-08-21	04	396
22295026840	2012-08-21	18	51
22295038488	2012-08-21	20	3706
55058054727	2012-08-21	16	132
22295020194	2012-08-21	22	1528
55058006750	2012-08-21	12	141
22295016680	2012-08-21	07	194
22295010604	2012-08-21	13	302
22295026750	2012-08-21	17	148
22295023008	2012-08-21	15	2537
22295039835	2012-08-21	10	445
22295026720	2012-08-21	01	111
22295026690	2012-08-21	20	47
22295016700	2012-08-21	15	296
22295034639	2012-08-21	17	340
55058009933	2012-08-21	16	193
22295019835	2012-08-21	17	180
22295038488	2012-08-21	22	1309
22295034639	2012-08-21	03	360
22295016740	2012-08-21	05	219
22295026670	2012-08-21	08	52
22295023987	2012-08-21	14	1814
22295019356	2012-08-21	19	1393
22295015770	2012-08-21	21	469
22295024887	2012-08-21	05	808
22295030682	2012-08-22	00	496
22295016660	2012-08-21	09	82
22295023008	2012-08-21	17	3521
22295016700	2012-08-21	13	178
22295030682	2012-08-21	20	3765
22295026750	2012-08-21	22	180
22295016720	2012-08-21	20	55
22295034639	2012-08-21	15	356
22295036780	2012-08-21	08	243
22295028903	2012-08-21	23	231
22295024887	2012-08-21	14	855
22295016680	2012-08-21	01	220
22295034919	2012-08-21	14	299
22295019356	2012-08-21	17	1271
55058009933	2012-08-21	17	329
22295034639	2012-08-21	21	631
22295020194	2012-08-21	23	1219
22295019845	2012-08-21	16	279
22295026840	2012-08-21	20	54
22295026750	2012-08-21	16	185
22295023987	2012-08-21	12	979
22295015770	2012-08-21	15	376
22295026790	2012-08-21	07	58
22295026720	2012-08-21	00	85
22295016740	2012-08-21	07	35
22295039845	2012-08-21	14	229
22295024887	2012-08-21	12	110
22295026750	2012-08-21	07	419
22295038488	2012-08-21	05	210
22295024887	2012-08-21	04	818
22295028903	2012-08-21	21	336
22295016660	2012-08-21	21	261
55058054727	2012-08-21	17	192
22295036780	2012-08-21	06	220
22295030682	2012-08-21	22	3755
22295026750	2012-08-21	14	89
22295039835	2012-08-21	11	619
22295016700	2012-08-21	12	129
22295026690	2012-08-21	21	5
22295026750	2012-08-21	23	225
22295039845	2012-08-21	12	95
22295016710	2012-08-21	08	897
22295026800	2012-08-21	15	218
22295016720	2012-08-21	21	60
55058009933	2012-08-21	15	43
22295034919	2012-08-21	09	252
22295015770	2012-08-21	13	871
22295020194	2012-08-21	21	1586
22295016680	2012-08-21	00	384
22295016690	2012-08-21	12	38
22295038488	2012-08-21	23	1778
22295036760	2012-08-21	08	78
22295026670	2012-08-21	09	135
22295019356	2012-08-21	16	1095
22295024887	2012-08-21	06	1416
22295015770	2012-08-21	20	2133
22295018907	2012-08-21	00	243
22295023987	2012-08-21	13	1556
55058054727	2012-08-21	11	69
55058050682	2012-08-21	05	26
22295026750	2012-08-21	21	107
22295016720	2012-08-21	23	294
22295034639	2012-08-21	14	500
22295024887	2012-08-21	13	617
22295039845	2012-08-21	09	197
22295016800	2012-08-22	00	93
22295016660	2012-08-21	20	18
55058006750	2012-08-21	17	182
22295015770	2012-08-21	08	464
22295019835	2012-08-21	03	86
22295039835	2012-08-21	17	183
22295023008	2012-08-21	16	3233
55058000682	2012-08-21	13	87
22295026800	2012-08-21	13	38
22295036780	2012-08-21	07	450
22295015770	2012-08-21	12	488
22295019356	2012-08-21	14	1013
22295026710	2012-08-21	16	176
22295023987	2012-08-21	23	130
22295039835	2012-08-21	07	46
22295026790	2012-08-21	06	19
55058050682	2012-08-21	07	38
22295023987	2012-08-21	11	1282
22295039845	2012-08-21	13	257
22295016660	2012-08-21	22	27
55058054727	2012-08-21	10	79
22295016830	2012-08-21	21	120
22295026710	2012-08-21	00	270
22295023008	2012-08-21	18	2693
22295030682	2012-08-21	23	4441
22295034639	2012-08-21	12	557
22295024887	2012-08-21	11	272
22295028903	2012-08-21	20	19
22295034919	2012-08-21	13	652
22295039835	2012-08-21	16	98
22295039845	2012-08-21	11	94
22295016710	2012-08-21	09	554
22295016780	2012-08-21	18	156
55058009933	2012-08-21	14	18
22295039845	2012-08-21	08	205
22295015770	2012-08-21	10	704
22295020194	2012-08-21	20	1119
22295026750	2012-08-21	15	230
22295015770	2012-08-21	09	701
22295026710	2012-08-21	14	66
22295026750	2012-08-21	00	274
22295020194	2012-08-21	13	821
22295024887	2012-08-21	07	1565
22295036760	2012-08-21	17	239
22295026760	2012-08-21	19	70
22295023987	2012-08-21	22	304
55058054727	2012-08-21	12	28
55058009933	2012-08-21	09	111
22295016830	2012-08-21	23	105
22295016690	2012-08-21	13	28
55058009933	2012-08-21	12	254
22295034919	2012-08-21	12	376
22295026750	2012-08-21	13	120
22295023987	2012-08-21	05	284
22295039835	2012-08-21	14	183
22295026710	2012-08-21	01	19
22295023008	2012-08-21	19	2660
22295016780	2012-08-21	08	462
22295016700	2012-08-21	11	108
22295026770	2012-08-21	08	126
22295016710	2012-08-21	07	129
22295016720	2012-08-21	22	125
22295034639	2012-08-21	13	658
22295024887	2012-08-21	01	1210
22295018907	2012-08-21	07	191
22295019356	2012-08-21	15	1021
22295023987	2012-08-21	20	701
22295016670	2012-08-21	00	13
22295023987	2012-08-21	10	1640
55058048452	2012-08-21	07	182
22295026750	2012-08-21	01	353
22295020194	2012-08-21	12	615
22295034639	2012-08-21	11	245
22295024887	2012-08-21	10	147
22295025770	2012-08-21	10	1713
22295034919	2012-08-21	10	199
22295036760	2012-08-21	16	57
22295016660	2012-08-21	23	101
22295026680	2012-08-21	10	53
55058006750	2012-08-21	18	53
55058009933	2012-08-21	08	176
22295028907	2012-08-21	13	383
22295039845	2012-08-21	10	277
22295016710	2012-08-21	06	13
22295016820	2012-08-21	02	74
55058009933	2012-08-21	13	33
22295020194	2012-08-21	00	546
22295026750	2012-08-21	12	147
22295019356	2012-08-21	13	1409
22295015770	2012-08-21	11	708
22295023987	2012-08-21	04	346
55058050682	2012-08-21	00	314
22295026710	2012-08-21	15	192
22295030682	2012-08-21	10	1077
22295020194	2012-08-21	10	658
22295024887	2012-08-21	00	1572
22295026680	2012-08-21	12	232
22295026760	2012-08-21	18	441
22295016690	2012-08-21	14	120
55058054727	2012-08-21	13	155
22295016670	2012-08-21	01	93
55058000682	2012-08-21	16	314
22295016780	2012-08-21	17	900
22295038484	2012-08-21	07	1472
22295023987	2012-08-21	06	364
22295039835	2012-08-21	15	297
55058000367	2012-08-21	07	223
22295026800	2012-08-21	11	195
22295016840	2012-08-21	21	177
22295016710	2012-08-22	00	116
22295026830	2012-08-22	00	128
55058009933	2012-08-21	11	203
22295025770	2012-08-21	11	1279
22295026750	2012-08-21	10	252
22295016710	2012-08-21	04	81
22295016670	2012-08-21	03	74
22295030682	2012-08-21	11	2129
22295028907	2012-08-21	12	27
22295020194	2012-08-21	01	241
22295016660	2012-08-22	00	116
22295019356	2012-08-21	12	492
22295024887	2012-08-21	02	1181
55058050682	2012-08-21	01	85
22295023987	2012-08-21	21	182
22295010604	2012-08-21	18	69
55058059835	2012-08-21	09	50
22295034639	2012-08-21	10	69
22295030682	2012-08-21	08	3536
22295034919	2012-08-21	11	387
22295025770	2012-08-21	13	451
22295019835	2012-08-21	07	53
22295026670	2012-08-21	18	52
22295030686	2012-08-21	18	1862
22295026710	2012-08-21	02	185
55058000682	2012-08-21	17	71
22295026660	2012-08-21	13	966
22295019356	2012-08-21	10	537
22295010208	2012-08-21	08	122
22295038484	2012-08-21	06	655
55058050682	2012-08-21	03	103
55058000367	2012-08-21	06	26
55058006700	2012-08-21	14	179
22295030682	2012-08-21	13	3007
22295016780	2012-08-21	16	181
55058050682	2012-08-21	17	308
22295028907	2012-08-21	10	107
22295016820	2012-08-21	03	113
22295026750	2012-08-21	02	41
22295026680	2012-08-21	13	115
55058006740	2012-08-21	22	491
22295020194	2012-08-21	11	365
22295036760	2012-08-21	15	82
22295018934	2012-08-21	01	111
55058040407	2012-08-21	20	128
22295016710	2012-08-21	05	131
22295026750	2012-08-21	11	35
55058059933	2012-08-21	17	99
22295016830	2012-08-21	11	154
22295038484	2012-08-21	04	230
22295023987	2012-08-21	07	318
22295030686	2012-08-21	19	2867
22295026670	2012-08-21	02	145
22295020194	2012-08-21	17	2089
22295026660	2012-08-21	12	913
22295036760	2012-08-21	07	107
55058006690	2012-08-21	00	114
22295036760	2012-08-21	13	89
22295026680	2012-08-21	15	26
22295026730	2012-08-21	21	36
22295024887	2012-08-21	03	729
22295016670	2012-08-21	02	84
55058050682	2012-08-21	16	254
22295016720	2012-08-21	13	32
22295038484	2012-08-21	21	1877
22295030682	2012-08-21	09	2866
22295025770	2012-08-21	12	863
22295023987	2012-08-21	01	382
22295015770	2012-08-21	07	15
55058006740	2012-08-21	23	511
55058059835	2012-08-21	14	115
22295016830	2012-08-21	10	196
22295016670	2012-08-21	04	66
55058050682	2012-08-21	02	51
22295010208	2012-08-21	09	276
22295030682	2012-08-21	12	2399
22295016810	2012-08-21	23	125
22295016820	2012-08-21	04	5
22295026660	2012-08-21	10	675
22295020194	2012-08-21	02	114
22295010208	2012-08-21	21	122
22295019356	2012-08-21	11	936
55058059933	2012-08-21	16	90
22295026780	2012-08-21	21	71
22295016800	2012-08-21	21	151
22295010011	2012-08-21	10	43
55058000682	2012-08-21	14	261
22295020194	2012-08-21	16	1179
22295016720	2012-08-21	15	112
55058006740	2012-08-21	21	379
22295016710	2012-08-21	18	54
22295026680	2012-08-21	14	38
22295025770	2012-08-21	14	755
22295030682	2012-08-21	14	2254
22295016710	2012-08-21	02	70
22295010208	2012-08-21	07	19
22295038484	2012-08-21	20	5132
55058059933	2012-08-21	14	214
22295016780	2012-08-21	15	80
22295018907	2012-08-21	18	42
22295038484	2012-08-21	05	16
22295023987	2012-08-21	00	35
22295028907	2012-08-21	17	470
22295026710	2012-08-21	23	79
22295016670	2012-08-21	22	71
22295026680	2012-08-21	16	106
55058059835	2012-08-21	15	222
22295016670	2012-08-21	05	78
22295010208	2012-08-21	20	22
22295038484	2012-08-22	00	174
55058006690	2012-08-21	07	224
22295020194	2012-08-21	14	581
22295026780	2012-08-21	20	91
22295038484	2012-08-21	03	142
22295023987	2012-08-21	02	235
22295015770	2012-08-21	06	170
22295016720	2012-08-21	14	93
22295016710	2012-08-21	00	105
22295016780	2012-08-21	07	185
22295016710	2012-08-21	19	4
22295016780	2012-08-21	13	354
22295038484	2012-08-21	22	1325
22295025770	2012-08-21	15	1224
22295028907	2012-08-21	16	279
22295023008	2012-08-21	03	2079
22295026660	2012-08-22	00	66
55058050682	2012-08-21	15	303
22295020194	2012-08-21	05	292
22295026660	2012-08-21	11	1242
22295026670	2012-08-21	01	19
22295019356	2012-08-21	08	784
22295016800	2012-08-21	11	149
55058054727	2012-08-21	19	209
22295030682	2012-08-21	15	2758
22295018170	2012-08-21	22	86
55058059835	2012-08-21	17	37
22295018907	2012-08-21	19	116
22295016670	2012-08-21	07	289
22295016750	2012-08-22	00	35
55058006740	2012-08-21	19	87
22295019354	2012-08-21	09	379
22295015770	2012-08-21	00	105
22295026780	2012-08-21	08	603
22295019845	2012-08-21	08	205
22295025770	2012-08-21	17	501
22295016800	2012-08-21	22	251
22295026780	2012-08-21	22	363
22295020194	2012-08-22	00	58
22295030686	2012-08-21	14	595
22295010011	2012-08-21	13	549
22295016720	2012-08-21	16	13
22295023987	2012-08-21	19	292
22295016780	2012-08-21	12	286
22295026660	2012-08-21	22	341
22295016700	2012-08-21	22	593
22295018170	2012-08-21	20	392
22295038484	2012-08-21	02	119
22295026830	2012-08-21	05	278
22295028907	2012-08-21	14	68
22295030682	2012-08-21	17	4473
22295026660	2012-08-21	17	832
22295020194	2012-08-21	07	1378
55058050682	2012-08-21	13	142
55058054727	2012-08-21	20	114
22295019356	2012-08-21	09	864
22295023008	2012-08-21	02	1948
22295019356	2012-08-21	22	1615
22295024887	2012-08-21	19	1623
22295020194	2012-08-21	15	849
55058054727	2012-08-21	18	140
22295016670	2012-08-21	21	204
22295026680	2012-08-21	17	101
55058006740	2012-08-21	08	604
22295038484	2012-08-21	00	759
22295023987	2012-08-21	03	282
22295030686	2012-08-21	15	1067
22295038484	2012-08-21	14	1346
55058000367	2012-08-21	08	438
22295039845	2012-08-21	19	158
22295024847	2012-08-21	09	488
22295016830	2012-08-21	00	324
22295016710	2012-08-21	01	166
55058059933	2012-08-21	13	334
22295038484	2012-08-21	23	1322
22295020011	2012-08-22	00	116
22295016710	2012-08-21	21	249
22295026830	2012-08-21	04	164
22295016760	2012-08-21	19	53
22295026750	2012-08-21	08	386
22295010208	2012-08-21	23	190
22295016700	2012-08-21	23	294
55058044727	2012-08-21	21	48
55058059835	2012-08-21	16	216
22295026660	2012-08-21	16	313
22295016670	2012-08-21	06	120
22295026660	2012-08-21	23	266
55058050682	2012-08-21	12	138
22295026760	2012-08-21	23	228
22295023008	2012-08-21	00	3162
22295019845	2012-08-21	09	149
22295026780	2012-08-21	09	94
22295025770	2012-08-21	16	808
22295026780	2012-08-21	23	268
22295016800	2012-08-21	23	410
22295010604	2012-08-21	21	54
22295030686	2012-08-21	17	2527
22295010011	2012-08-21	12	146
22295019356	2012-08-21	23	1407
22295016780	2012-08-21	00	21
22295019354	2012-08-21	08	106
22295026760	2012-08-21	06	2
22295016700	2012-08-21	21	320
22295018170	2012-08-21	21	161
22295016810	2012-08-21	16	178
22295038484	2012-08-21	15	2120
22295026830	2012-08-21	06	320
22295016800	2012-08-21	12	134
22295028907	2012-08-21	15	312
22295016710	2012-08-21	20	24
22295030682	2012-08-21	16	2544
22295024847	2012-08-21	08	346
22295026660	2012-08-21	14	573
22295020194	2012-08-21	06	898
22295024887	2012-08-21	09	110
22295023987	2012-08-21	18	406
55058059933	2012-08-21	12	123
22295026660	2012-08-21	21	285
22295010011	2012-08-21	14	358
22295016710	2012-08-21	14	339
22295024887	2012-08-21	18	807
22295028903	2012-08-21	17	213
22295025770	2012-08-21	18	497
22295016670	2012-08-21	20	71
22295019356	2012-08-21	21	1400
22295016760	2012-08-21	18	34
22295030682	2012-08-21	03	879
22295026750	2012-08-21	09	11
22295016780	2012-08-21	01	23
22295038488	2012-08-21	18	2306
22295039845	2012-08-21	18	105
22295018934	2012-08-21	06	57
22295016710	2012-08-21	22	432
22295010208	2012-08-21	18	177
22295038484	2012-08-21	01	920
22295010604	2012-08-21	20	264
55058050682	2012-08-21	08	165
22295038484	2012-08-21	17	3246
55058000367	2012-08-21	09	222
22295026680	2012-08-21	09	551
22295026770	2012-08-21	20	97
22295016680	2012-08-21	16	246
22295026760	2012-08-21	20	115
22295023008	2012-08-21	01	1806
22295016750	2012-08-21	00	112
22295024887	2012-08-21	08	825
22295025770	2012-08-21	19	149
22295026750	2012-08-21	18	32
22295016700	2012-08-21	04	332
22295010604	2012-08-21	22	232
22295030686	2012-08-21	16	1794
22295028903	2012-08-21	16	464
55058048452	2012-08-21	17	210
22295026770	2012-08-21	07	175
22295026760	2012-08-21	07	1609
22295016710	2012-08-21	15	405
22295025770	2012-08-21	07	272
22295010011	2012-08-21	15	139
22295030686	2012-08-21	21	2594
22295030682	2012-08-21	02	1696
22295026700	2012-08-21	02	114
55058050682	2012-08-21	11	234
22295026830	2012-08-21	07	88
22295016800	2012-08-21	15	44
22295023008	2012-08-21	07	4175
22295038488	2012-08-21	19	3235
22295026660	2012-08-21	15	352
22295019356	2012-08-21	04	287
22295026660	2012-08-21	20	104
55058006690	2012-08-21	09	360
22295016700	2012-08-21	20	20
22295010208	2012-08-21	19	43
22295030686	2012-08-21	10	1452
22295010011	2012-08-21	17	480
22295019356	2012-08-21	20	1597
55058006690	2012-08-21	21	66
22295028903	2012-08-21	14	262
22295026760	2012-08-21	01	79
22295026770	2012-08-21	21	602
22295030682	2012-08-21	00	2747
22295016680	2012-08-21	17	69
22295026670	2012-08-21	10	27
22295016710	2012-08-21	17	119
22295018934	2012-08-21	07	48
22295030686	2012-08-21	20	3455
22295028907	2012-08-21	18	29
22295026680	2012-08-21	20	101
55058048452	2012-08-21	16	91
22295016710	2012-08-21	23	659
22295016700	2012-08-21	05	104
22295026830	2012-08-21	01	309
22295019354	2012-08-21	18	60
22295038484	2012-08-21	16	1711
55058006740	2012-08-21	13	99
22295016800	2012-08-21	17	161
22295026810	2012-08-21	15	84
22295025770	2012-08-21	06	55
22295026770	2012-08-21	23	361
22295016750	2012-08-21	21	1013
55058006690	2012-08-21	23	228
22295026760	2012-08-21	21	200
22295016680	2012-08-21	15	187
22295019356	2012-08-21	05	84
22295026680	2012-08-21	08	565
22295023008	2012-08-21	06	2728
22295016700	2012-08-21	07	26
55058048452	2012-08-21	14	95
22295026670	2012-08-21	11	82
22295018934	2012-08-21	09	161
22295030686	2012-08-21	11	1224
22295038484	2012-08-21	10	1536
55058009933	2012-08-21	18	99
22295026760	2012-08-21	00	111
22295026780	2012-08-22	00	58
22295030686	2012-08-21	22	1905
22295028907	2012-08-21	08	58
22295026700	2012-08-21	13	139
22295023008	2012-08-21	04	1470
22295016750	2012-08-21	07	167
22295019356	2012-08-21	07	1085
22295018934	2012-08-21	23	258
22295016760	2012-08-21	15	195
55058006690	2012-08-21	08	360
22295026680	2012-08-21	21	32
22295026830	2012-08-21	00	183
55058006740	2012-08-21	12	213
22295023987	2012-08-21	09	1720
22295030682	2012-08-21	01	2743
22295016750	2012-08-21	20	154
55058048452	2012-08-21	09	55
22295016710	2012-08-21	16	241
22295030686	2012-08-21	13	1121
22295028903	2012-08-21	15	225
22295010011	2012-08-21	16	472
22295026670	2012-08-21	13	138
22295026680	2012-08-21	23	86
22295026830	2012-08-21	02	225
22295018934	2012-08-21	08	238
22295038484	2012-08-21	11	2372
22295026660	2012-08-21	18	474
22295016800	2012-08-21	16	297
22295026700	2012-08-21	01	368
22295016830	2012-08-21	18	90
22295028907	2012-08-21	09	97
22295030682	2012-08-21	07	3629
22295016710	2012-08-21	10	473
22295028903	2012-08-21	13	444
55058006690	2012-08-21	22	298
22295016750	2012-08-21	22	720
22295010011	2012-08-21	18	106
55058000011	2012-08-21	13	102
22295016760	2012-08-21	14	43
22295018934	2012-08-21	22	44
22295016750	2012-08-21	06	12
22295026780	2012-08-21	03	85
22295026770	2012-08-21	22	451
22295038484	2012-08-21	13	2298
22295026810	2012-08-21	16	248
22295010011	2012-08-21	21	233
22295010208	2012-08-21	14	138
22295030686	2012-08-21	23	3118
22295023987	2012-08-21	08	426
22295010604	2012-08-21	07	358
22295025770	2012-08-21	21	622
55058048452	2012-08-21	15	95
22295016790	2012-08-21	15	70
22295018907	2012-08-21	10	100
22295016760	2012-08-21	16	311
22295023008	2012-08-21	05	1455
22295016720	2012-08-21	08	124
22295019356	2012-08-21	06	337
22295018934	2012-08-21	20	141
22295026780	2012-08-21	02	87
22295016700	2012-08-21	00	114
22295030682	2012-08-21	06	2409
22295026700	2012-08-21	14	37
22295028903	2012-08-21	12	350
22295016710	2012-08-21	11	578
22295026670	2012-08-21	12	290
22295016830	2012-08-21	09	22
22295019354	2012-08-21	15	332
22295030686	2012-08-21	12	1560
22295010011	2012-08-21	19	22
55058048452	2012-08-21	13	321
22295016760	2012-08-21	20	156
55058058484	2012-08-22	00	150
22295016780	2012-08-21	22	179
22295018907	2012-08-21	11	283
22295010011	2012-08-21	20	162
22295026810	2012-08-22	00	58
22295026830	2012-08-21	03	171
22295019356	2012-08-21	00	886
55058040407	2012-08-21	18	34
22295010208	2012-08-21	15	519
22295016840	2012-08-21	07	86
55058006690	2012-08-21	11	123
22295010604	2012-08-21	06	194
22295026660	2012-08-21	19	37
22295025770	2012-08-21	20	76
22295026670	2012-08-21	14	70
22295024847	2012-08-21	19	94
22295030682	2012-08-21	04	1092
22295016710	2012-08-21	13	551
22295016750	2012-08-21	23	843
22295028903	2012-08-21	10	310
22295010011	2012-08-21	22	788
22295026700	2012-08-21	04	89
55058048452	2012-08-21	12	405
22295016760	2012-08-21	21	542
22295014919	2012-08-21	11	292
22295025770	2012-08-21	22	251
55058006740	2012-08-21	17	83
22295018907	2012-08-21	13	245
22295038484	2012-08-21	12	1893
22295019354	2012-08-21	14	49
22295010208	2012-08-21	17	2
22295026670	2012-08-21	21	6
22295018934	2012-08-21	21	108
22295016780	2012-08-21	23	53
22295019356	2012-08-21	01	622
22295026830	2012-08-21	23	951
22295016760	2012-08-21	17	9
22295016840	2012-08-21	06	181
55058006690	2012-08-21	10	360
22295019354	2012-08-21	16	151
22295016760	2012-08-21	23	1014
22295016790	2012-08-21	16	13
22295016760	2012-08-22	00	78
22295038484	2012-08-21	08	1691
22295026670	2012-08-21	15	140
22295026810	2012-08-21	13	32
22295026700	2012-08-21	17	220
22295024847	2012-08-21	01	68
22295025770	2012-08-21	08	370
22295026800	2012-08-21	08	153
55058048452	2012-08-21	10	134
22295026800	2012-08-21	22	294
22295016760	2012-08-21	11	112
22295023008	2012-08-21	08	3118
22295016840	2012-08-21	04	219
22295026680	2012-08-21	02	360
22295014919	2012-08-21	10	560
22295016780	2012-08-21	21	106
55058006740	2012-08-21	16	682
22295019356	2012-08-21	03	74
22295026670	2012-08-21	20	122
22295030682	2012-08-21	05	1442
22295024847	2012-08-21	18	411
22295030686	2012-08-21	08	1611
22295016710	2012-08-21	12	504
22295028903	2012-08-21	11	430
22295026670	2012-08-21	17	461
22295026830	2012-08-21	22	550
22295018907	2012-08-21	12	155
55048052506	2012-08-21	21	147
22295014919	2012-08-21	12	242
22295010208	2012-08-21	16	509
55058050682	2012-08-21	18	289
55058000011	2012-08-21	07	186
22295030686	2012-08-22	00	256
22295010011	2012-08-21	23	335
22295026780	2012-08-21	07	143
55058000011	2012-08-21	17	183
55058044727	2012-08-21	08	125
22295026830	2012-08-21	20	16
22295026680	2012-08-21	03	300
22295010208	2012-08-21	10	883
22295018907	2012-08-21	14	431
22295038484	2012-08-21	09	1062
22295038488	2012-08-21	10	1189
22295024847	2012-08-21	02	77
22295025770	2012-08-21	09	1750
55058006670	2012-08-21	13	69
55058048452	2012-08-21	11	318
22295010604	2012-08-21	03	91
22295026700	2012-08-21	16	4
22295019354	2012-08-21	17	113
22295016760	2012-08-21	22	517
22295016750	2012-08-21	08	220
22295016840	2012-08-21	05	69
22295026680	2012-08-21	01	360
22295023008	2012-08-21	09	2173
22295016760	2012-08-21	12	290
22295019356	2012-08-21	02	239
22295024847	2012-08-21	22	189
