22295018170	11	0.891891891892	2818.10810811	0.0540540540541	0.0	0.108108108108	0.0	37
22295016750	11	0.285714285714	194.285714286	0.0	0.0	0.714285714286	0.0	7
22295026750	23	0.915094339623	2054.37735849	0.141509433962	0.0849056603774	0.0	0.0	106
22295038484	14	0.852348993289	1754.75167785	0.0738255033557	0.0604026845638	0.0805369127517	0.00671140939597	149
55058058484	20	0.766798418972	811.813438735	0.0379446640316	0.0924901185771	0.0173913043478	0.123320158103	1265
22295023008	8	0.930018416206	2049.45303867	0.0810313075506	0.0478821362799	0.0220994475138	0.0	543
22295030682	6	0.950561797753	1383.68988764	0.0426966292135	0.0179775280899	0.0269662921348	0.00449438202247	445
22295026760	22	1.0	2146.66666667	0.0	0.0	0.0	0.0	6
22295026840	7	1.0	520.0	0.0	0.0	0.0	0.0	1
22295019356	4	0.909090909091	1563.63636364	0.0	0.0	0.0909090909091	0.0	11
22295019845	16	1.0	1059.0	0.0	0.0	0.0	0.0	1
55058058484	21	0.727828746177	504.525993884	0.0183486238532	0.0366972477064	0.0244648318043	0.211009174312	327
22295038484	15	0.921397379913	2078.6419214	0.056768558952	0.0262008733624	0.0480349344978	0.00436681222707	229
22295026790	22	0.974358974359	1519.84615385	0.0512820512821	0.025641025641	0.0	0.0	39
22295038484	1	0.877777777778	5444.68888889	0.255555555556	0.122222222222	0.0	0.0	90
22295025770	7	0.0	0.0	0.0	0.0	1.0	0.0	2
22295039845	4	0.860465116279	2062.6744186	0.139534883721	0.116279069767	0.0	0.0232558139535	43
22295010604	3	1.0	470.916666667	0.0	0.0	0.0	0.0	24
55058006680	7	0.5	140.0	0.0	0.0	0.5	0.0	2
22295038488	21	0.887179487179	1760.84615385	0.0769230769231	0.107692307692	0.00512820512821	0.0	195
22295026810	22	0.72972972973	1667.02702703	0.108108108108	0.27027027027	0.0	0.0	37
22295018170	6	1.0	880.0	0.0	0.0	0.0	0.0	1
22295026700	23	0.939393939394	1528.01515152	0.0606060606061	0.0151515151515	0.0151515151515	0.030303030303	66
22295038488	5	0.5	123.458333333	0.0	0.0	0.5	0.0	24
22295016750	0	1.0	1329.875	0.0	0.0	0.0	0.0	8
22295026760	20	1.0	38716.0	1.0	0.0	0.0	0.0	2
55058050682	3	1.0	336.666666667	0.0	0.0	0.0	0.0	6
22295038488	0	1.0	1304.61016949	0.0	0.0	0.0	0.0	59
22295024919	7	0.936507936508	2324.64761905	0.0952380952381	0.0507936507937	0.0126984126984	0.0	315
22295016750	13	0.946428571429	1169.53571429	0.0535714285714	0.0	0.0535714285714	0.0	56
22295038488	20	0.96383363472	1553.21518987	0.0307414104882	0.0235081374322	0.0126582278481	0.0	553
22295019835	3	0.5	690.0	0.5	0.5	0.0	0.0	2
22295019845	18	0.967213114754	594.62295082	0.0	0.0327868852459	0.0	0.0	61
22295038484	17	0.817391304348	2735.91304348	0.147826086957	0.0608695652174	0.113043478261	0.00869565217391	115
22295024887	7	0.88	945.933333333	0.0133333333333	0.0933333333333	0.0266666666667	0.0	75
22295026730	17	0.5	165.0	0.0	0.5	0.0	0.0	4
55058058484	23	0.862745098039	2459.47058824	0.0588235294118	0.0588235294118	0.0	0.078431372549	51
22295023008	9	0.938973647712	2680.4590846	0.0665742024965	0.0457697642164	0.0110957004161	0.00416088765603	721
55058006740	20	0.558441558442	402.811688312	0.0779220779221	0.0194805194805	0.363636363636	0.0584415584416	154
22295019356	19	0.942857142857	5421.33142857	0.125714285714	0.0285714285714	0.0285714285714	0.0	350
22295016820	17	1.0	400.0	0.0	0.0	0.0	0.0	1
22295026820	0	0.965909090909	444.818181818	0.0	0.0340909090909	0.0	0.0	176
22295010604	0	0.666666666667	806.333333333	0.0	0.333333333333	0.0	0.0	3
22295024919	19	0.885521885522	1930.26262626	0.117845117845	0.013468013468	0.10101010101	0.0	297
22295019845	19	0.952380952381	2958.23809524	0.0	0.047619047619	0.0	0.0	21
22295019354	17	0.947368421053	1526.15789474	0.0	0.0526315789474	0.0	0.0	19
22295026730	16	0.842105263158	2812.63157895	0.105263157895	0.0	0.157894736842	0.0	19
22295023987	4	0.764705882353	2212.52941176	0.117647058824	0.176470588235	0.0588235294118	0.0	17
55058006740	21	0.775280898876	246.471910112	0.0112359550562	0.0786516853933	0.123595505618	0.0224719101124	89
55058050682	17	1.0	412.666666667	0.0	0.0	0.0	0.0	3
22295016750	21	0.951219512195	5752.24390244	0.170731707317	0.0243902439024	0.0	0.0243902439024	41
22295026730	9	0.851063829787	7119.5106383	0.234042553191	0.0425531914894	0.0851063829787	0.0212765957447	47
22295038488	22	0.917721518987	2112.47468354	0.0443037974684	0.0569620253165	0.00632911392405	0.0189873417722	158
22295019356	18	0.95564516129	3832.80645161	0.193548387097	0.0362903225806	0.0	0.00806451612903	248
22295016670	13	0.9725	1865.0425	0.0925	0.0075	0.01	0.01	400
55058006660	21	1.0	985.571428571	0.0	0.0	0.0	0.0	7
22295016710	1	1.0	841.0	0.0	0.0	0.0	0.0	1
22295019354	16	0.9	1752.5	0.0	0.1	0.0	0.0	10
55058009933	14	0.740740740741	463.0	0.037037037037	0.0	0.037037037037	0.222222222222	27
22295016750	20	1.0	900.333333333	0.0	0.0	0.0	0.0	3
22295026730	14	1.0	5098.28571429	0.285714285714	0.0	0.0	0.0	7
55058000011	12	0.809523809524	881.666666667	0.0634920634921	0.0	0.0	0.190476190476	63
22295010604	23	0.75	5981.5	0.25	0.0	0.25	0.0	4
22295015770	13	0.910256410256	1177.46153846	0.0512820512821	0.0128205128205	0.0769230769231	0.0	78
55058000682	21	0.892857142857	648.5	0.0535714285714	0.0535714285714	0.0	0.0535714285714	56
22295026660	13	0.994318181818	1566.76704545	0.0795454545455	0.00568181818182	0.0	0.0	176
22295026660	6	0.986111111111	2765.15277778	0.0833333333333	0.0138888888889	0.0	0.0	144
22295026750	22	1.0	2059.0	0.0	0.0	0.0	0.0	1
22295019354	14	0.861111111111	2385.41666667	0.0	0.0	0.138888888889	0.0	36
22295020194	4	0.0416666666667	15.5972222222	0.541666666667	0.0555555555556	0.0416666666667	0.861111111111	72
55058006740	9	0.481481481481	245.555555556	0.0	0.037037037037	0.481481481481	0.0	54
22295016750	22	0.936507936508	2408.26984127	0.031746031746	0.0	0.0634920634921	0.0	63
22295016800	9	1.0	1501.5	0.05	0.0	0.0	0.0	20
22295019356	1	0.757575757576	1712.42424242	0.030303030303	0.136363636364	0.0	0.106060606061	66
22295016670	15	0.7	1800.275	0.1	0.125	0.175	0.0	40
22295024887	4	0.945054945055	2322.74725275	0.010989010989	0.021978021978	0.032967032967	0.0	91
22295023008	10	0.643137254902	1515.80784314	0.0627450980392	0.0862745098039	0.266666666667	0.00392156862745	255
55058000011	14	1.0	503.318181818	0.0	0.0	0.0	0.0	66
22295016840	9	0.95	1620.15	0.0	0.0	0.05	0.0	20
22295018907	0	1.0	540.5	0.5	0.0	0.0	0.0	2
22295026810	23	0.944444444444	3244.94444444	0.1	0.0444444444444	0.0	0.0111111111111	90
22295038484	6	0.944444444444	2129.42592593	0.101851851852	0.037037037037	0.0185185185185	0.0	108
22295026660	15	0.970588235294	2412.23529412	0.0441176470588	0.0147058823529	0.0147058823529	0.0	68
22295016670	14	0.925	3009.33	0.235	0.065	0.01	0.0	200
22295018903	14	1.0	1090.0	0.0	0.0	0.0	0.0	4
22295023008	11	0.909448818898	1684.47244094	0.0413385826772	0.0452755905512	0.0413385826772	0.00393700787402	508
55058000011	15	1.0	461.864864865	0.0540540540541	0.0	0.0	0.0	74
55058044727	7	1.0	986.666666667	0.0	0.0	0.0	0.0	3
22295026750	8	0.6	1057.2	0.0857142857143	0.371428571429	0.0285714285714	0.0	35
22295026760	21	0.867088607595	1148.88607595	0.151898734177	0.126582278481	0.00632911392405	0.0	158
55058040407	13	0.820388349515	830.024271845	0.0679611650485	0.0242718446602	0.0242718446602	0.131067961165	206
22295026660	14	0.953642384106	2368.26821192	0.0496688741722	0.0264900662252	0.00331125827815	0.0165562913907	302
22295016750	12	0.752688172043	796.129032258	0.215053763441	0.182795698925	0.0537634408602	0.010752688172	93
22295038484	16	0.954545454545	2364.99173554	0.0619834710744	0.0247933884298	0.00826446280992	0.0123966942149	242
22295018903	15	1.0	5461.0	0.25	0.0	0.0	0.0	4
22295016720	18	0.75	340.0	0.0	0.0	0.25	0.0	4
55058058484	22	0.875	10452.25	0.125	0.0	0.0	0.125	8
55058058484	1	0.944444444444	1598.66666667	0.166666666667	0.0	0.0	0.0555555555556	18
22295034639	9	0.525	526.25	0.0	0.025	0.425	0.025	40
55058040407	12	0.753086419753	1515.41975309	0.0617283950617	0.0246913580247	0.037037037037	0.185185185185	81
22295038484	9	0.94512195122	3000.26219512	0.103658536585	0.0426829268293	0.00609756097561	0.00609756097561	164
22295016670	16	0.964705882353	4273.91372549	0.211764705882	0.0235294117647	0.0078431372549	0.00392156862745	255
22295039845	19	0.333333333333	192.666666667	0.0	0.0	0.666666666667	0.0	3
55058000011	17	0.75	449.75	0.0	0.0	0.0	0.25	4
22295026670	2	0.62962962963	2422.74074074	0.037037037037	0.333333333333	0.037037037037	0.0	27
22295026830	1	0.666666666667	1786.5	0.0	0.0	0.0	0.333333333333	6
22295039835	9	0.918181818182	1800.86363636	0.136363636364	0.0454545454545	0.0181818181818	0.0181818181818	110
22295026660	16	1.0	2236.0	0.0	0.0	0.0	0.0	4
55058058484	8	0.96	4307.1	0.22	0.0	0.0	0.04	50
22295016750	14	0.930769230769	4605.87692308	0.0846153846154	0.0307692307692	0.00769230769231	0.0307692307692	130
22295038488	23	1.0	1234.91666667	0.0416666666667	0.0	0.0	0.0	24
55058048452	8	1.0	2713.28723404	0.0425531914894	0.0	0.0	0.0	94
55058000011	2	0.914383561644	604.868721461	0.0441400304414	0.00342465753425	0.0106544901065	0.0715372907154	2628
22295023008	13	0.884816753927	2397.28272251	0.0314136125654	0.109947643979	0.00523560209424	0.0	191
22295024919	18	0.910319410319	3347.56019656	0.142506142506	0.041769041769	0.041769041769	0.00614250614251	814
22295020011	19	1.0	5023.33333333	0.5	0.0	0.0	0.0	6
22295016780	19	0.166666666667	874.216666667	0.05	0.0333333333333	0.8	0.0	60
22295016800	21	0.893617021277	1987.80851064	0.0	0.106382978723	0.0	0.0	47
55058040407	10	0.88275862069	1867.2137931	0.048275862069	0.00689655172414	0.0413793103448	0.0689655172414	145
22295016750	15	1.0	587.6	0.0	0.0	0.0	0.0	5
22295026720	17	1.0	480.0	0.0	0.0	0.0	0.0	1
22295038484	10	0.679144385027	1565.12299465	0.128342245989	0.0427807486631	0.139037433155	0.139037433155	187
55058006740	22	0.87323943662	1602.67605634	0.0422535211268	0.0281690140845	0.0985915492958	0.0	71
22295026830	3	0.666666666667	1742.22222222	0.0	0.0	0.0	0.333333333333	9
22295016800	20	0.941176470588	1927.94117647	0.0	0.0	0.0	0.0588235294118	17
22295024887	2	0.92523364486	3189.74766355	0.0934579439252	0.0747663551402	0.0	0.0	107
22295016780	18	0.357142857143	932.978571429	0.0214285714286	0.0142857142857	0.628571428571	0.0	140
22295038484	11	0.929487179487	2553.78205128	0.0576923076923	0.0320512820513	0.0320512820513	0.00641025641026	156
22295026790	11	0.790697674419	2905.06976744	0.186046511628	0.046511627907	0.139534883721	0.0232558139535	43
22295019354	15	0.666666666667	3260.0	0.666666666667	0.0	0.0	0.333333333333	3
22295016750	8	1.0	954.5	0.0	0.0	0.0	0.0	34
22295016750	17	0.944444444444	2716.41666667	0.0277777777778	0.0416666666667	0.0	0.0138888888889	72
22295026730	22	0.892857142857	3100.89285714	0.0	0.107142857143	0.0	0.0	28
22295016840	13	1.0	2740.5	0.0	0.0	0.0	0.0	2
22295038488	4	1.0	313.238095238	0.0	0.0	0.0	0.0	21
22295016750	23	0.973684210526	1312.34210526	0.0	0.0263157894737	0.0	0.0	38
55058006750	7	0.666666666667	353.333333333	0.333333333333	0.0	0.0	0.333333333333	3
22295015770	4	1.0	900.0	0.0	0.0	0.0	0.0	8
22295019356	15	0.828571428571	2107.42857143	0.114285714286	0.171428571429	0.0	0.0	35
22295018934	7	0.857142857143	5508.42857143	0.428571428571	0.142857142857	0.0	0.0	7
22295016800	22	0.90243902439	2947.24390244	0.0487804878049	0.0975609756098	0.0	0.0	41
22295026660	1	1.0	916.65	0.0	0.0	0.0	0.0	40
22295026730	8	1.0	855.195652174	0.0652173913043	0.0	0.0	0.0	46
22295026790	10	1.0	3103.14285714	0.142857142857	0.0	0.0	0.0	7
22295038484	13	0.945378151261	2835.92857143	0.155462184874	0.0252100840336	0.0126050420168	0.0168067226891	238
22295026730	13	1.0	1190.07246377	0.0	0.0	0.0	0.0	69
22295016830	23	0.4	2920.0	0.2	0.6	0.0	0.0	5
22295028907	6	0.538461538462	447.692307692	0.0	0.0	0.461538461538	0.0	26
55058000011	1	0.943149516771	1036.9641842	0.0949403069926	0.0301307561114	0.00284252416146	0.0238772029562	1759
22295016760	18	0.833333333333	1244.33333333	0.388888888889	0.111111111111	0.0	0.0555555555556	18
22295019356	14	0.973760932945	4154.41107872	0.137026239067	0.0116618075802	0.0145772594752	0.0	343
22295018907	6	1.0	2182.71428571	0.047619047619	0.0	0.0	0.0	21
22295019354	13	0.666666666667	4166.33333333	0.0	0.0	0.333333333333	0.0	3
22295026730	12	1.0	1164.02666667	0.0133333333333	0.0	0.0	0.0	75
22295039845	18	1.0	779.666666667	0.0	0.0	0.0	0.0	3
22295020011	0	0.833333333333	1415.0	0.0	0.0	0.166666666667	0.0	12
22295026730	21	1.0	509.5	0.0	0.0	0.0	0.0	2
22295038488	10	0.449392712551	1002.2388664	0.0121457489879	0.0161943319838	0.53036437247	0.00404858299595	247
22295016720	19	1.0	4204.0	0.4	0.0	0.0	0.0	5
22295019356	20	0.948453608247	2899.34278351	0.185567010309	0.0438144329897	0.00773195876289	0.0	388
22295018907	9	0.95652173913	2358.76521739	0.095652173913	0.0434782608696	0.0	0.0	115
22295016670	17	0.97247706422	2819.08256881	0.119266055046	0.00917431192661	0.0183486238532	0.0	109
22295026830	5	0.666666666667	1579.66666667	0.0	0.0	0.0	0.333333333333	6
22295019354	12	1.0	1628.0	0.0	0.0	0.0	0.0	5
22295016830	18	0.8	1808.4	0.2	0.2	0.0	0.0	5
22295038488	11	0.879310344828	2240.81034483	0.0379310344828	0.0655172413793	0.048275862069	0.00689655172414	290
22295019356	16	0.9625	2293.9625	0.01875	0.0	0.025	0.0125	160
22295026660	17	1.0	2286.66666667	0.0666666666667	0.0	0.0	0.0	15
22295026670	8	0.70340356564	3904.03727715	0.0210696920583	0.291734197731	0.0032414910859	0.00162074554295	617
22295019356	21	0.962025316456	1820.69620253	0.0664556962025	0.0253164556962	0.0126582278481	0.0	316
22295016660	18	1.0	661.0	0.0	0.0	0.0	0.0	1
22295026730	10	0.941176470588	4436.47058824	0.117647058824	0.0	0.0	0.0588235294118	17
22295023008	12	0.917127071823	2271.67955801	0.160220994475	0.0718232044199	0.0110497237569	0.0	181
55058000011	16	1.0	555.333333333	0.0	0.0	0.0	0.0	42
22295016670	19	0.782608695652	1051.56521739	0.173913043478	0.173913043478	0.0434782608696	0.0	23
22295019354	8	0.416666666667	1044.33333333	0.0	0.0	0.583333333333	0.0	12
22295016700	15	0.5	689.5	0.0	0.0	0.5	0.0	2
55058040407	11	0.80487804878	1433.18292683	0.0609756097561	0.0121951219512	0.109756097561	0.0731707317073	82
22295026670	21	1.0	3072.26086957	0.173913043478	0.0	0.0	0.0	23
22295010208	4	0.0	0.0	0.0	1.0	0.0	0.0	1
22295023987	5	0.25	80.0	0.0	0.75	0.0	0.0	4
22295028903	6	1.0	1382.44444444	0.0	0.0	0.0	0.0	9
22295019354	10	0.904761904762	4210.38095238	0.0	0.0238095238095	0.0714285714286	0.0	42
22295016710	21	0.9	1470.66	0.0	0.04	0.06	0.0	50
22295038488	13	0.891304347826	1708.50931677	0.0465838509317	0.0217391304348	0.0683229813665	0.0186335403727	322
22295038484	2	1.0	7183.35714286	0.267857142857	0.0	0.0	0.0	56
22295016700	14	1.0	6162.72727273	0.0363636363636	0.0	0.0	0.0	55
22295019356	23	0.978473581213	2169.77103718	0.0528375733855	0.0195694716243	0.00195694716243	0.0	511
22295026670	20	1.0	2715.25	0.0	0.0	0.0	0.0	4
22295016810	23	0.9	732.4	0.0	0.1	0.0	0.0	10
22295028903	7	0.962962962963	3259.11111111	0.111111111111	0.037037037037	0.0	0.0	54
22295016670	18	0.938053097345	4420.78761062	0.12389380531	0.0619469026549	0.0	0.0	113
22295038484	8	0.957746478873	3432.39906103	0.0845070422535	0.0281690140845	0.00469483568075	0.0093896713615	213
55058006690	10	1.0	225.0	0.0	0.0	0.0	0.0	1
22295026680	6	1.0	975.666666667	0.0	0.0	0.0	0.0	27
22295023008	14	0.833333333333	2405.71794872	0.025641025641	0.0512820512821	0.025641025641	0.0897435897436	156
22295020194	0	0.646511627907	784.413953488	0.111627906977	0.0511627906977	0.0139534883721	0.288372093023	215
22295036760	6	1.0	2686.66666667	0.333333333333	0.0	0.0	0.0	3
22295030686	9	0.959810874704	6933.63120567	0.101654846336	0.0260047281324	0.00945626477541	0.00472813238771	423
22295016780	20	1.0	3748.88888889	0.111111111111	0.0	0.0	0.0	27
22295016710	20	0.941176470588	4012.38235294	0.117647058824	0.0588235294118	0.0	0.0	34
55058040407	17	0.989795918367	564.795918367	0.0102040816327	0.0102040816327	0.0	0.0	98
22295023987	19	0.876033057851	3672.2892562	0.0165289256198	0.0413223140496	0.0661157024793	0.0165289256198	121
22295016750	16	0.94495412844	5044.7706422	0.220183486239	0.0366972477064	0.00917431192661	0.00917431192661	109
22295016830	7	0.354545454545	1693.7	0.0363636363636	0.645454545455	0.0	0.0	110
22295018170	7	1.0	7990.0	0.0	0.0	0.0	0.0	2
22295024887	23	0.886877828054	2804.13122172	0.20814479638	0.0814479638009	0.00904977375566	0.0226244343891	221
22295026680	8	0.621621621622	993.774774775	0.036036036036	0.342342342342	0.027027027027	0.00900900900901	111
22295023008	15	0.972413793103	2279.14482759	0.0620689655172	0.0137931034483	0.0	0.0137931034483	145
55058006700	9	1.0	2222.125	0.125	0.0	0.0	0.0	8
22295010604	8	0.619565217391	1856.84782609	0.0869565217391	0.369565217391	0.0108695652174	0.0	92
22295026820	8	1.0	17200.0	1.0	0.0	0.0	0.0	1
22295015770	20	0.990990990991	2157.6981982	0.036036036036	0.0	0.00900900900901	0.0	222
22295016780	21	0.857142857143	21607.4285714	0.428571428571	0.142857142857	0.0	0.0	7
22295024919	20	0.671641791045	1346.56716418	0.0298507462687	0.044776119403	0.283582089552	0.0	67
22295016800	23	0.921568627451	4180.29411765	0.156862745098	0.0686274509804	0.0	0.00980392156863	102
55058040407	16	0.928571428571	716.785714286	0.0428571428571	0.0	0.0	0.0714285714286	70
55058006690	3	1.0	155.0	0.0	0.0	0.0	0.0	1
22295026670	22	1.0	820.2	0.0	0.0	0.0	0.0	5
22295024887	22	0.811965811966	2338.65811966	0.17094017094	0.136752136752	0.0512820512821	0.0	117
22295016700	16	1.0	4627.3	0.2	0.0	0.0	0.0	10
22295019356	8	0.862595419847	3523.48091603	0.0839694656489	0.0839694656489	0.0381679389313	0.0152671755725	131
22295019845	8	1.0	2912.07692308	0.0	0.0	0.0	0.0	13
22295010604	2	1.0	490.09375	0.0	0.0	0.0	0.0	32
55058006680	0	0.666666666667	391.875	0.0	0.0	0.208333333333	0.125	24
22295038484	12	0.913486005089	2298.67938931	0.0610687022901	0.030534351145	0.0508905852417	0.00508905852417	393
22295018903	11	1.0	341.0	0.0	0.0	0.0	0.0	1
22295026820	2	1.0	383.195530726	0.0	0.0	0.0	0.0	179
22295034639	6	0.90625	2714.4375	0.1875	0.09375	0.0	0.0	32
22295026820	10	1.0	15480.0	1.0	0.0	0.0	0.0	1
22295015770	21	1.0	14027.4615385	0.230769230769	0.0	0.0	0.0	13
22295026720	12	1.0	1728.0	0.0	0.0	0.0	0.0	10
22295030686	7	0.869047619048	1187.01984127	0.015873015873	0.103174603175	0.015873015873	0.0119047619048	252
22295023008	17	0.969957081545	2409.95708155	0.0944206008584	0.0257510729614	0.0	0.00429184549356	233
22295023008	21	0.842417061611	2429.48222749	0.0663507109005	0.0509478672986	0.104265402844	0.00236966824645	844
22295016830	8	0.0927835051546	234.453608247	0.0515463917526	0.907216494845	0.0	0.0	97
22295026710	0	1.0	1615.44444444	0.222222222222	0.0	0.0	0.0	9
22295026800	9	1.0	599.25	0.25	0.0	0.0	0.0	4
22295016710	22	0.892857142857	2169.91071429	0.0535714285714	0.0357142857143	0.0714285714286	0.0	56
22295020011	1	0.96875	1554.46875	0.0	0.03125	0.0	0.0	32
22295016670	9	0.857142857143	7991.39285714	0.285714285714	0.107142857143	0.0357142857143	0.0	28
22295026730	20	1.0	5141.83333333	0.0	0.0	0.0	0.0	6
22295024887	5	1.0	1037.10144928	0.0144927536232	0.0	0.0	0.0	138
22295016780	15	0.4	281.711111111	0.0444444444444	0.0444444444444	0.555555555556	0.0	45
55058040407	14	0.799126637555	837.183406114	0.0436681222707	0.00436681222707	0.056768558952	0.139737991266	229
55058006690	22	1.0	822.0	0.272727272727	0.0	0.0	0.0	11
22295024887	20	0.897196261682	1846.56074766	0.0934579439252	0.0560747663551	0.0467289719626	0.0	107
22295023008	20	0.940027894003	2250.49790795	0.0850767085077	0.0376569037657	0.0181311018131	0.00418410041841	717
55058000367	18	1.0	899.5	0.0	0.0	0.0	0.0	2
22295016830	20	0.0	0.0	1.0	1.0	0.0	0.0	1
22295016780	23	0.625	1656.0	0.0625	0.0	0.375	0.0	16
22295016820	10	1.0	296.2	0.0	0.0	0.0	0.0	5
22295016780	14	0.647058823529	741.470588235	0.0147058823529	0.0	0.352941176471	0.0	68
22295026760	9	0.973684210526	3339.46491228	0.122807017544	0.0	0.0	0.0263157894737	114
22295015770	7	0.681818181818	1916.40909091	0.0	0.0	0.318181818182	0.0	22
55058000367	9	0.714285714286	224.357142857	0.0	0.0	0.285714285714	0.0	14
22295026730	11	1.0	700.5	0.0	0.0	0.0	0.0	2
55058000367	19	0.882352941176	417.529411765	0.0588235294118	0.117647058824	0.0	0.0	17
22295019356	17	1.0	3018.04761905	0.0714285714286	0.0	0.0	0.0	42
55058058484	4	1.0	180.571428571	0.0	0.0	0.0	0.0	7
22295034639	0	0.972413793103	1929.67931034	0.0137931034483	0.0241379310345	0.00344827586207	0.0	290
22295023987	3	0.515151515152	1469.33333333	0.0151515151515	0.0151515151515	0.106060606061	0.363636363636	66
22295024887	6	0.854599406528	1194.74183976	0.0207715133531	0.124629080119	0.0178041543027	0.00296735905045	337
22295023008	22	0.923875432526	3516.2266436	0.0968858131488	0.038062283737	0.0276816608997	0.0103806228374	578
55058006730	13	1.0	946.666666667	0.666666666667	0.0	0.0	0.0	3
22295026790	15	1.0	702.857142857	0.0	0.0	0.0	0.0	7
22295019354	11	0.875	3120.0	0.0	0.0	0.125	0.0	8
22295016700	8	1.0	713.333333333	0.0	0.0	0.0	0.0	3
22295016680	5	0.525641025641	568.730769231	0.0128205128205	0.423076923077	0.0384615384615	0.0128205128205	78
22295038488	12	0.850980392157	1883.11764706	0.043137254902	0.0549019607843	0.0941176470588	0.0	255
22295019356	11	1.0	699.4	0.0	0.0	0.0	0.0	10
22295014919	18	0.842857142857	3261.14285714	0.114285714286	0.128571428571	0.0285714285714	0.0	70
22295016780	0	0.0	0.0	0.0	0.0	1.0	0.0	2
22295020194	11	0.779661016949	2509.6440678	0.271186440678	0.0508474576271	0.169491525424	0.0	59
55058006690	21	0.931034482759	1058.62068966	0.0689655172414	0.0	0.0689655172414	0.0	29
22295019356	22	0.958083832335	2748.18562874	0.0973053892216	0.0284431137725	0.0104790419162	0.00299401197605	668
55058006670	20	1.0	466.333333333	0.0	0.0	0.0	0.0	3
22295016810	22	1.0	2261.5	0.142857142857	0.0	0.0	0.0	14
22295030686	4	0.986486486486	1439.91216216	0.0337837837838	0.00675675675676	0.00337837837838	0.00337837837838	296
22295026670	0	0.901315789474	2452.13815789	0.0263157894737	0.0197368421053	0.0789473684211	0.0	152
55058000682	14	1.0	460.0	0.142857142857	0.0	0.0	0.0	7
22295026790	14	0.952380952381	444.047619048	0.0	0.047619047619	0.0	0.0	21
22295016780	16	0.255813953488	308.294573643	0.0232558139535	0.0	0.744186046512	0.0	129
22295039835	4	1.0	4674.0	0.5	0.0	0.0	0.0	2
22295023987	18	0.947474747475	3707.09494949	0.0585858585859	0.0444444444444	0.00606060606061	0.0020202020202	495
22295026660	8	0.879245283019	1843.8	0.0528301886792	0.0528301886792	0.022641509434	0.0452830188679	265
22295019356	10	1.0	4407.25	0.0263157894737	0.0	0.0	0.0	76
22295020194	10	0.753846153846	1747.83846154	0.0769230769231	0.0846153846154	0.161538461538	0.0	130
55058006730	11	0.833333333333	54948.5	0.333333333333	0.166666666667	0.0	0.0	6
22295026800	6	0.0	0.0	0.0	0.0	1.0	0.0	1
55058006750	10	0.843137254902	1647.68627451	0.0196078431373	0.0	0.0	0.156862745098	51
22295016830	16	0.166666666667	1179.3	0.0	0.833333333333	0.0	0.0	30
22295026680	1	0.5625	1280.03125	0.0	0.0	0.4375	0.0	32
22295026780	8	1.0	1933.7032967	0.021978021978	0.0	0.0	0.0	91
22295026790	16	0.962962962963	1826.62962963	0.037037037037	0.037037037037	0.0	0.0	27
22295016700	17	1.0	2880.0	0.0	0.0	0.0	0.0	1
22295038488	14	0.884615384615	1402.26923077	0.0192307692308	0.0384615384615	0.0769230769231	0.0	52
55058000682	12	0.75	360.166666667	0.0	0.0	0.208333333333	0.0416666666667	24
22295019356	12	0.893203883495	1645.68932039	0.0582524271845	0.0194174757282	0.0194174757282	0.0679611650485	103
22295020194	12	0.972972972973	3996.94594595	0.126126126126	0.00900900900901	0.00900900900901	0.00900900900901	111
22295023008	16	0.963414634146	2619.90853659	0.0548780487805	0.0	0.0365853658537	0.0	164
22295016830	14	0.0	0.0	0.0	1.0	0.0	0.0	1
55058050682	19	0.9	5427.8	0.0	0.0	0.0	0.1	10
22295016730	19	1.0	34880.0	1.0	0.0	0.0	0.0	1
22295016710	23	0.966666666667	2478.18888889	0.0555555555556	0.0222222222222	0.0	0.0111111111111	90
55058006680	8	1.0	159.0	0.0	0.0	0.0	0.0	1
22295038488	15	0.943262411348	2331.87234043	0.0354609929078	0.0141843971631	0.0283687943262	0.0141843971631	141
22295039845	12	0.826086956522	3768.39130435	0.0434782608696	0.152173913043	0.0	0.0217391304348	46
22295026820	17	1.0	740.0	0.0	0.0	0.0	0.0	1
22295026780	1	1.0	1502.23529412	0.176470588235	0.0	0.0	0.0	34
22295024887	21	0.919137466307	2836.26145553	0.0970350404313	0.0431266846361	0.0350404312668	0.00269541778976	371
22295016720	13	1.0	1742.975	0.075	0.0	0.0	0.0	40
22295024919	9	0.935877862595	2049.24580153	0.0809160305344	0.0534351145038	0.00916030534351	0.00152671755725	655
22295026750	7	0.821428571429	3202.78571429	0.392857142857	0.166666666667	0.0	0.0119047619048	84
22295026770	7	1.0	2083.5	0.0	0.0	0.0	0.0	6
55058050682	18	1.0	1050.0	0.166666666667	0.0	0.0	0.0	6
22295039835	6	0.631578947368	518.947368421	0.0263157894737	0.0	0.368421052632	0.0	38
22295020604	7	1.0	5187.0	0.0	0.0	0.0	0.0	9
22295016700	11	1.0	3300.0	0.0	0.0	0.0	0.0	1
22295016780	22	0.7	1553.9	0.0	0.0	0.3	0.0	10
55058040407	15	0.778378378378	1873.23243243	0.0756756756757	0.0324324324324	0.027027027027	0.162162162162	185
22295015770	1	1.0	69028.0	0.5	0.0	0.0	0.0	2
55058000682	11	0.884615384615	554.5	0.192307692308	0.0	0.0769230769231	0.0384615384615	26
22295016730	0	0.730496453901	3302.4964539	0.106382978723	0.0354609929078	0.234042553191	0.0	141
22295023987	8	0.911764705882	1333.58823529	0.0	0.0	0.0882352941176	0.0	34
22295016680	10	1.0	219.0	0.0	0.0	0.0	0.0	1
22295039845	13	0.4	115.4	0.0	0.0	0.6	0.0	5
55058059933	15	1.0	397.074626866	0.0	0.0	0.0	0.0	67
22295038488	17	0.941309255079	1743.96839729	0.106094808126	0.0519187358916	0.00677200902935	0.0	443
22295015770	22	0.8	5304.8	0.4	0.2	0.0	0.0	5
22295016700	10	1.0	1643.11111111	0.222222222222	0.0	0.0	0.0	9
22295016720	12	1.0	1618.92682927	0.0975609756098	0.0	0.0	0.0	41
22295026820	16	1.0	680.0	0.0	0.0	0.0	0.0	1
55058000011	0	0.973319103522	1668.5058698	0.310565635005	0.0128068303095	0.00106723585912	0.0128068303095	937
22295026830	13	0.44	1814.88	0.0	0.52	0.0	0.04	25
22295010208	1	0.183098591549	153.521126761	0.0	0.0985915492958	0.718309859155	0.0	71
55058048452	21	1.0	200.0	0.0	0.0	0.0	0.0	1
22295019845	21	1.0	497.5	0.0	0.0	0.0	0.0	8
22295023008	23	0.875181422351	1768.95355588	0.0624092888244	0.0624092888244	0.0595065312046	0.00290275761974	689
22295016800	8	0.912280701754	1435.98245614	0.0526315789474	0.0350877192982	0.0175438596491	0.0350877192982	57
55058040407	8	0.901408450704	664.85915493	0.0985915492958	0.0140845070423	0.0140845070423	0.0704225352113	71
55058006700	18	1.0	490.0	0.0	0.0	0.0	0.0	2
22295026700	18	1.0	583.333333333	0.0	0.0	0.0	0.0	3
55058059933	14	1.0	797.076923077	0.0769230769231	0.0	0.0	0.0	13
22295023987	2	0.804093567251	4039.44444444	0.149122807018	0.0	0.0994152046784	0.0964912280702	342
22295030686	21	0.874251497006	3738.72754491	0.0928143712575	0.0329341317365	0.0838323353293	0.00898203592814	334
22295014919	19	0.25	95.25	0.0	0.0	0.75	0.0	4
22295039845	11	0.546875	2171.484375	0.015625	0.453125	0.0	0.0	64
22295019845	20	1.0	280.0	0.0	0.0	0.0	0.0	1
22295016700	12	1.0	4019.0	1.0	0.0	0.0	0.0	1
55058054727	20	1.0	288.0	0.0	0.0	0.0	0.0	5
22295026700	19	1.0	339.0	0.0	0.0	0.0	0.0	1
22295016780	17	0.780303030303	1740.31818182	0.106060606061	0.030303030303	0.189393939394	0.0	132
22295030686	20	0.961625282167	2017.86681716	0.0428893905192	0.0158013544018	0.0225733634312	0.0	443
22295024847	6	1.0	2590.88888889	0.111111111111	0.0	0.0	0.0	9
22295024847	7	1.0	3421.90909091	0.454545454545	0.0	0.0	0.0	11
22295023008	3	0.9765625	1753.07421875	0.015625	0.00390625	0.01953125	0.0	256
22295019356	3	0.0	0.0	0.0	0.5	0.5	0.0	2
22295019835	7	0.5	220.0	0.5	0.5	0.0	0.0	2
22295026830	11	0.333333333333	18047.9473684	0.0350877192982	0.59649122807	0.0350877192982	0.0350877192982	57
22295038484	18	0.680412371134	4026.79896907	0.154639175258	0.298969072165	0.020618556701	0.0	194
22295026750	15	0.916666666667	1851.25	0.166666666667	0.0	0.0	0.0833333333333	12
22295019845	22	1.0	3354.75	0.0	0.0	0.0	0.0	4
22295026790	17	1.0	680.0	0.0	0.0	0.0	0.0	1
22295018170	1	1.0	542.0	0.0	0.0	0.0	0.0	19
22295026770	9	0.218181818182	286.272727273	0.0	0.0	0.781818181818	0.0	55
22295016780	11	0.24043715847	374.983606557	0.0109289617486	0.00546448087432	0.754098360656	0.0	183
22295020194	13	0.88125	2814.51875	0.01875	0.0875	0.03125	0.0	160
22295038484	19	0.937649880096	2175.0263789	0.083932853717	0.0263788968825	0.0335731414868	0.00239808153477	417
22295026750	14	1.0	5092.0	0.166666666667	0.0	0.0	0.0	6
22295020011	10	1.0	2741.0	0.0	0.0	0.0	0.0	1
22295016780	10	0.410447761194	774.671641791	0.0373134328358	0.0	0.589552238806	0.0	134
22295016830	15	0.103260869565	946.951086957	0.0271739130435	0.896739130435	0.0	0.0	184
22295030686	22	0.891373801917	3428.92651757	0.0766773162939	0.0798722044728	0.0159744408946	0.0127795527157	313
22295019356	13	0.900709219858	2917.19148936	0.141843971631	0.063829787234	0.0330969267139	0.00236406619385	423
22295016680	7	0.807588075881	5462.69105691	0.276422764228	0.159891598916	0.029810298103	0.00271002710027	369
22295026820	3	1.0	322.460606061	0.0	0.0	0.0	0.0	165
22295016720	9	0.941176470588	1576.82352941	0.0	0.0	0.0588235294118	0.0	17
22295038488	9	0.961977186312	2409.18631179	0.041825095057	0.0342205323194	0.0	0.00380228136882	263
22295026770	18	0.866666666667	9923.53333333	0.133333333333	0.133333333333	0.0	0.0	15
22295039845	9	0.4	2856.28	0.04	0.0	0.52	0.08	25
55058000682	10	0.979166666667	211.770833333	0.0208333333333	0.0	0.0	0.0208333333333	48
22295016670	7	0.939393939394	1793.12121212	0.030303030303	0.030303030303	0.030303030303	0.0	33
22295016780	12	0.715025906736	1054.59067358	0.0621761658031	0.0259067357513	0.259067357513	0.0	193
22295026750	16	1.0	9512.0	0.3	0.0	0.0	0.0	10
22295016710	7	0.727272727273	3065.56818182	0.227272727273	0.204545454545	0.0227272727273	0.0454545454545	44
22295026840	23	0.0	0.0	1.0	0.0	0.0	1.0	1
22295038488	2	0.989898989899	8953.61616162	0.0909090909091	0.010101010101	0.0	0.0	99
22295038488	16	0.953596287703	1643.95359629	0.0649651972158	0.030162412993	0.00232018561485	0.0139211136891	431
55058006730	0	0.671623296159	904.293680297	0.198265179678	0.0991325898389	0.0	0.229244114002	807
22295020194	15	0.984126984127	2890.79365079	0.111111111111	0.015873015873	0.0	0.0	63
22295015770	8	0.854166666667	1330.04166667	0.0	0.0208333333333	0.125	0.0	48
22295018170	8	0.652173913043	689.608695652	0.130434782609	0.347826086957	0.0	0.0	23
22295020194	6	0.875	2413.53571429	0.125	0.107142857143	0.0	0.0178571428571	112
22295016830	12	0.537634408602	2082.50537634	0.118279569892	0.462365591398	0.0	0.0	93
22295034919	9	0.963302752294	1881.5412844	0.00917431192661	0.0366972477064	0.0	0.0	109
22295023987	1	1.0	3202.375	0.0	0.0	0.0	0.0	8
22295020194	14	0.96511627907	2949.11627907	0.046511627907	0.0348837209302	0.0	0.0	86
22295024847	0	0.833333333333	3820.0	0.666666666667	0.166666666667	0.0	0.0	6
22295016800	0	1.0	299.0	0.0	0.0	0.0	0.0	1
22295039845	10	0.888888888889	3127.0	0.277777777778	0.111111111111	0.0	0.0	18
22295038488	18	0.829736211031	3161.01918465	0.201438848921	0.151079136691	0.0167865707434	0.00239808153477	417
22295028903	9	1.0	8208.76666667	0.166666666667	0.0	0.0	0.0	30
22295016700	13	0.973684210526	1657.78947368	0.0526315789474	0.0263157894737	0.0	0.0	38
55058058484	6	0.533333333333	134.666666667	0.0	0.0	0.266666666667	0.2	15
22295016720	11	0.5	170.0	0.0	0.0	0.5	0.0	2
22295016660	10	1.0	2181.0	0.0	0.0	0.0	0.0	17
22295026730	18	0.6	1444.2	0.2	0.4	0.0	0.0	5
22295026830	23	0.803921568627	1839.83006536	0.137254901961	0.104575163399	0.0	0.0915032679739	153
55058059933	17	0.9375	1177.1875	0.0416666666667	0.0	0.0208333333333	0.0416666666667	48
22295023987	12	0.907692307692	1509.2	0.0307692307692	0.0307692307692	0.0461538461538	0.0153846153846	65
22295016830	10	0.48	4208.0	0.04	0.04	0.48	0.0	25
22295026830	10	1.0	300.0	0.0	0.0	0.0	0.0	1
22295038488	19	0.941717791411	1827.66871166	0.0659509202454	0.0352760736196	0.021472392638	0.00153374233129	652
22295020194	16	0.782122905028	3222.46368715	0.100558659218	0.189944134078	0.0	0.0279329608939	179
22295038484	5	1.0	558.642857143	0.0	0.0	0.0	0.0	14
22295016660	11	0.787878787879	2799.51515152	0.0606060606061	0.030303030303	0.181818181818	0.0	33
22295039845	16	1.0	360.5	0.0	0.0	0.0	0.0	2
22295019845	23	0.888888888889	2866.77777778	0.222222222222	0.111111111111	0.0	0.0	9
22295018934	9	0.865384615385	1697.55769231	0.0576923076923	0.134615384615	0.0	0.0	52
22295026830	22	0.936170212766	1559.67781155	0.158054711246	0.0151975683891	0.00303951367781	0.0455927051672	329
55058006720	14	1.0	416.893617021	0.0	0.0	0.0	0.0	47
22295023987	13	1.0	586.898876404	0.0112359550562	0.0	0.0	0.0	89
22295025770	9	0.90625	3522.5	0.09375	0.09375	0.0	0.0	32
22295010604	1	1.0	943.166666667	0.166666666667	0.0	0.0	0.0	6
22295039835	3	0.0	0.0	0.0	1.0	0.0	0.0	1
22295016720	16	1.0	2510.0	0.25	0.0	0.0	0.0	4
22295018170	9	0.604166666667	1082.54166667	0.0833333333333	0.395833333333	0.0	0.0	48
55058059933	11	0.927835051546	656.597938144	0.113402061856	0.0	0.0	0.0721649484536	97
22295026830	16	0.161764705882	423.779411765	0.176470588235	0.823529411765	0.0	0.0147058823529	68
22295028903	8	0.814814814815	2453.2962963	0.037037037037	0.0	0.148148148148	0.037037037037	27
55058006740	11	1.0	2774.95	0.05	0.0	0.0	0.0	20
22295030686	23	0.95737704918	1914.30163934	0.108196721311	0.0393442622951	0.0	0.00327868852459	305
55058006680	3	0.75	183.75	0.0	0.0	0.25	0.0	4
55058050682	1	0.666666666667	1173.33333333	0.333333333333	0.333333333333	0.0	0.0	3
22295016780	8	0.356643356643	755.181818182	0.00699300699301	0.0	0.643356643357	0.0	143
22295020194	9	0.742857142857	3593.62857143	0.161904761905	0.0952380952381	0.00952380952381	0.152380952381	210
22295026770	19	0.615384615385	2230.69230769	0.153846153846	0.230769230769	0.153846153846	0.0	26
22295026800	23	0.978260869565	2836.39130435	0.0	0.0	0.0217391304348	0.0	46
55058000367	8	0.944444444444	366.611111111	0.0	0.0	0.0	0.0555555555556	18
22295026830	20	0.882352941176	2398.31372549	0.117647058824	0.0	0.0588235294118	0.0588235294118	51
22295023987	11	0.872611464968	1704.49044586	0.0191082802548	0.0509554140127	0.0764331210191	0.0	157
22295026830	17	0.967213114754	4361.17213115	0.0491803278689	0.0327868852459	0.0	0.0	122
55058050682	5	0.945454545455	583.490909091	0.0363636363636	0.0545454545455	0.0	0.0	55
55058006740	10	0.230769230769	153.0	0.0192307692308	0.0576923076923	0.711538461538	0.0	52
22295030686	8	0.944881889764	1583.98425197	0.0629921259843	0.0157480314961	0.00787401574803	0.0314960629921	127
22295016660	13	1.0	1239.5	0.0	0.0	0.0	0.0	2
22295034639	7	0.261538461538	532.861538462	0.0153846153846	0.0615384615385	0.676923076923	0.0	65
22295039845	15	0.866666666667	3000.5	0.133333333333	0.1	0.0	0.0333333333333	30
22295026750	17	0.692307692308	980.230769231	0.307692307692	0.153846153846	0.0	0.153846153846	13
22295016720	14	0.857142857143	7608.95238095	0.0952380952381	0.142857142857	0.0	0.0	21
22295016780	13	0.59375	509.7734375	0.0	0.015625	0.390625	0.0	128
22295024887	3	0.929824561404	3141.68421053	0.122807017544	0.0350877192982	0.0	0.0350877192982	57
22295039835	7	0.5	5324.0	0.5	0.5	0.0	0.0	10
22295026660	7	1.0	4527.38461538	0.384615384615	0.0	0.0	0.0	13
55058054727	17	1.0	580.0	0.0	0.0	0.0	0.0	1
22295034639	1	0.87037037037	614.388888889	0.0	0.0740740740741	0.0555555555556	0.0	54
22295039835	1	0.2	132.0	0.0	0.2	0.6	0.0	5
22295026830	15	0.155172413793	1196.99137931	0.120689655172	0.758620689655	0.0775862068966	0.00862068965517	116
22295024887	1	0.959501557632	2688.01557632	0.0872274143302	0.0404984423676	0.0	0.0	321
22295016830	6	1.0	381.0	0.0	0.0	0.0	0.0	1
22295016830	9	0.0714285714286	47.2142857143	0.0	0.928571428571	0.0	0.0	14
22295014919	13	0.966292134831	4040.49438202	0.189887640449	0.014606741573	0.0157303370787	0.00337078651685	890
22295016730	6	1.0	595.153846154	0.0	0.0	0.0	0.0	13
22295026670	1	0.931442080378	1570.04964539	0.00709219858156	0.0567375886525	0.0118203309693	0.0	423
22295026750	11	0.777777777778	1293.22222222	0.0555555555556	0.194444444444	0.0	0.0277777777778	36
55058054727	16	1.0	327.0	0.0	0.0	0.0	0.0	3
55058000367	11	0.98275862069	337.448275862	0.0172413793103	0.0	0.0	0.0172413793103	58
22295019835	18	0.826923076923	1542.44230769	0.0384615384615	0.173076923077	0.0	0.0	52
22295020011	14	1.0	3311.53571429	0.0357142857143	0.0	0.0	0.0	28
22295016750	3	1.0	1239.93333333	0.2	0.0	0.0	0.0	15
22295016830	11	0.075	221.0	0.025	0.925	0.0	0.0	40
22295036760	14	1.0	5852.33333333	0.333333333333	0.0	0.0	0.0	3
22295014919	12	0.870558375635	5242.81218274	0.248730964467	0.106598984772	0.0177664974619	0.00507614213198	394
22295020194	17	0.898305084746	3951.66101695	0.169491525424	0.0847457627119	0.0	0.0169491525424	59
22295026730	19	0.8	3363.26666667	0.266666666667	0.2	0.0	0.0	30
22295026750	10	0.516129032258	820.451612903	0.0	0.0	0.483870967742	0.0	31
22295039845	20	1.0	1485.23529412	0.0588235294118	0.0	0.0	0.0	51
55058006700	8	1.0	1020.0	0.5	0.0	0.0	0.0	2
22295020604	9	0.833333333333	3573.16666667	0.0	0.0	0.0	0.166666666667	6
55058054727	7	0.666666666667	220.0	0.333333333333	0.0	0.0	0.333333333333	3
22295026720	8	1.0	580.0	0.0	0.0	0.0	0.0	2
22295019354	19	0.8	2468.4	0.0	0.0	0.2	0.0	5
22295020011	16	1.0	657.555555556	0.0	0.0	0.0	0.0	9
22295016680	0	0.545454545455	814.454545455	0.0909090909091	0.0909090909091	0.363636363636	0.0	11
22295023008	4	0.844919786096	1574.31550802	0.0160427807487	0.139037433155	0.0160427807487	0.0	374
22295034639	2	0.0	0.0	0.0	0.0	1.0	0.0	12
22295019356	9	0.989795918367	6060.0	0.163265306122	0.0	0.0	0.0102040816327	98
22295014919	10	0.934545454545	3926.92	0.194545454545	0.0472727272727	0.0163636363636	0.00181818181818	550
22295020194	19	0.974193548387	2473.92903226	0.0322580645161	0.0193548387097	0.00645161290323	0.0	155
22295026790	9	1.0	800.0	0.0	0.0	0.0	0.0	1
22295026670	10	0.75641025641	2544.41025641	0.153846153846	0.192307692308	0.0448717948718	0.00641025641026	156
22295026750	12	0.8	2307.24	0.32	0.0	0.16	0.04	25
22295026830	21	0.890510948905	2523.54014599	0.204379562044	0.00729927007299	0.00729927007299	0.0948905109489	137
55058000682	6	0.9375	319.875	0.0625	0.0625	0.0	0.0	16
22295023987	10	0.975903614458	1274.77108434	0.0240963855422	0.0120481927711	0.0	0.0120481927711	83
22295016710	18	0.958333333333	3427.225	0.108333333333	0.0416666666667	0.0	0.0	120
22295023008	2	0.941326530612	2327.15816327	0.0612244897959	0.0280612244898	0.030612244898	0.0	392
22295020194	18	0.794117647059	1474.54411765	0.0441176470588	0.0294117647059	0.176470588235	0.0	68
22295028907	20	1.0	6755.0	0.5	0.0	0.0	0.0	2
22295026800	22	0.565217391304	1700.56521739	0.0	0.391304347826	0.0434782608696	0.0	23
22295026670	11	1.0	2469.5	0.0	0.0	0.0	0.0	2
22295016660	12	0.4	444.0	0.0	0.0	0.6	0.0	5
22295026710	11	1.0	2117.7	0.0166666666667	0.0	0.0	0.0	60
55058044727	4	0.0	0.0	0.0	0.0	0.0	1.0	2
22295015770	6	1.0	1004.8125	0.0	0.0	0.0	0.0	16
22295016710	19	0.946666666667	4401.86666667	0.0533333333333	0.0266666666667	0.0	0.0266666666667	75
22295016720	15	1.0	1676.71428571	0.0	0.0	0.0	0.0	7
22295016800	6	1.0	220.0	0.0	0.0	0.0	0.0	1
22295028907	21	0.666666666667	1757.38888889	0.0	0.333333333333	0.0	0.0	18
22295039845	14	0.825396825397	3048.47619048	0.0	0.174603174603	0.0	0.0	63
55058044727	8	1.0	10531.6	0.2	0.0	0.0	0.0	5
22295023008	7	0.967921896792	1765.87308229	0.0264993026499	0.0223152022315	0.00976290097629	0.0	717
55058006680	4	0.333333333333	82.2222222222	0.0	0.0	0.222222222222	0.444444444444	9
22295023987	16	0.970930232558	1293.97093023	0.00581395348837	0.0232558139535	0.0	0.00581395348837	172
55058059933	13	1.0	914.479166667	0.0625	0.0	0.0	0.0	48
22295026830	14	0.789473684211	984.157894737	0.0526315789474	0.105263157895	0.0	0.105263157895	19
22295028903	15	0.931034482759	3618.03448276	0.0919540229885	0.0114942528736	0.0459770114943	0.0114942528736	87
22295026660	3	1.0	480.0	0.0	0.0	0.0	0.0	2
22295010011	9	0.936170212766	4668.43262411	0.340425531915	0.0354609929078	0.0212765957447	0.00709219858156	141
55058048452	15	1.0	1689.83333333	0.0	0.0	0.0	0.0	6
55058006740	13	0.662551440329	323.991769547	0.0	0.0	0.337448559671	0.0	243
22295026710	8	0.791666666667	2067.45833333	0.125	0.208333333333	0.0	0.0	24
22295026730	4	1.0	369.5	0.0	0.0	0.0	0.0	2
22295010604	14	0.928571428571	1203.78571429	0.0238095238095	0.0714285714286	0.0	0.0	42
55048052506	21	1.0	226.466666667	0.0	0.0	0.0	0.0	15
22295026710	10	0.994565217391	1406.22826087	0.0271739130435	0.0	0.0	0.0054347826087	184
55058048452	14	0.807692307692	691.551282051	0.141025641026	0.0	0.0	0.192307692308	78
22295016700	19	1.0	9202.57142857	0.142857142857	0.0	0.0	0.0	7
22295023987	17	0.958333333333	3216.0	0.0833333333333	0.0	0.0416666666667	0.0	24
22295010011	8	0.907894736842	1896.69736842	0.0	0.0789473684211	0.0	0.0131578947368	76
55058006680	5	0.166666666667	30.0	0.0	0.0	0.333333333333	0.5	6
22295028903	14	0.855855855856	3088.35135135	0.126126126126	0.0810810810811	0.0630630630631	0.0	111
22295039835	20	1.0	1981.0	0.0	0.0	0.0	0.0	1
22295034639	23	0.9	356.0	0.0	0.1	0.0	0.0	10
22295039845	8	0.428571428571	1385.57142857	0.142857142857	0.571428571429	0.0	0.0	7
22295016660	15	0.7	596.6	0.2	0.3	0.0	0.0	10
22295028907	19	0.5	179.0	0.0	0.0	0.5	0.0	4
22295010604	15	0.984375	2503.3125	0.0	0.015625	0.0	0.0	64
22295019835	19	0.714285714286	2162.85714286	0.142857142857	0.142857142857	0.0	0.142857142857	7
22295039835	0	0.534482758621	4730.15517241	0.120689655172	0.103448275862	0.224137931034	0.137931034483	58
22295026710	12	0.6	203.8	0.0	0.2	0.0	0.2	5
22295016700	18	1.0	440.0	0.0	0.0	0.0	0.0	1
22295030682	1	0.94128440367	2753.73944954	0.051376146789	0.0128440366972	0.0293577981651	0.0165137614679	545
22295039835	21	0.722222222222	1724.44444444	0.166666666667	0.240740740741	0.037037037037	0.0	54
55058000682	19	1.0	336.313432836	0.0	0.0	0.0	0.0	67
22295014919	8	0.896598639456	2795.4585034	0.0857142857143	0.0639455782313	0.0353741496599	0.00408163265306	735
22295028907	18	0.805555555556	1930.30555556	0.0277777777778	0.194444444444	0.0	0.0	36
22295034639	22	0.971428571429	4444.85714286	0.0857142857143	0.0285714285714	0.0	0.0	35
22295026700	10	0.857142857143	479.857142857	0.0	0.0	0.142857142857	0.0	7
22295023987	15	0.931297709924	1899.58015267	0.0534351145038	0.0534351145038	0.0	0.0152671755725	131
22295028903	16	0.951219512195	2754.11585366	0.0731707317073	0.030487804878	0.0121951219512	0.00609756097561	164
22295026730	0	0.848484848485	469.878787879	0.030303030303	0.151515151515	0.0	0.0	33
55058006740	14	0.664179104478	518.768656716	0.00746268656716	0.089552238806	0.179104477612	0.0671641791045	134
22295010011	6	0.872340425532	1820.93617021	0.063829787234	0.127659574468	0.0	0.0	47
22295010604	17	0.888888888889	2870.0	0.0555555555556	0.111111111111	0.0	0.0	72
22295016840	1	0.711171662125	1814.08446866	0.182561307902	0.277929155313	0.0108991825613	0.0	367
22295039845	21	0.857142857143	274.428571429	0.0	0.0	0.142857142857	0.0	7
55058048452	16	1.0	659.179487179	0.153846153846	0.0	0.0	0.0	39
22295016780	2	0.8	1864.0	0.0	0.2	0.0	0.0	5
22295026700	11	0.982300884956	1915.78761062	0.106194690265	0.0176991150442	0.0	0.0	113
22295016710	0	0.823529411765	3349.64705882	0.294117647059	0.0	0.0	0.176470588235	17
22295039835	23	0.551724137931	7331.86206897	0.310344827586	0.172413793103	0.275862068966	0.0	29
22295014919	11	0.898630136986	6242.27945205	0.367123287671	0.0931506849315	0.0027397260274	0.00547945205479	365
22295026750	13	0.857142857143	3595.53571429	0.107142857143	0.142857142857	0.0	0.0	28
22295034639	20	0.870967741935	2332.09677419	0.0645161290323	0.0645161290323	0.0	0.0645161290323	31
22295026670	7	0.902243589744	2982.66025641	0.161858974359	0.0689102564103	0.0288461538462	0.0	624
55058000367	12	0.938775510204	587.459183673	0.117346938776	0.0	0.0102040816327	0.0510204081633	196
22295026710	20	1.0	7060.0	0.2	0.0	0.0	0.0	5
22295020011	17	0.842105263158	656.789473684	0.0	0.0	0.157894736842	0.0	38
22295010208	21	0.75	2336.05	0.0	0.25	0.0	0.0	20
22295019835	2	1.0	7660.0	0.333333333333	0.0	0.0	0.0	3
55058006740	16	0.79375	617.365625	0.003125	0.003125	0.203125	0.0	320
22295026830	9	0.762376237624	18460.9455446	0.376237623762	0.183168316832	0.049504950495	0.0049504950495	202
22295026770	13	1.0	2018.28571429	0.142857142857	0.0	0.0	0.0	49
22295028903	4	1.0	8224.25	0.0	0.0	0.0	0.0	4
22295026830	19	0.95	1673.225	0.3	0.025	0.025	0.0	40
22295023008	6	0.868518518519	1091.48888889	0.0333333333333	0.0462962962963	0.0814814814815	0.0037037037037	540
22295026710	21	1.0	16480.0	0.5	0.0	0.0	0.0	2
22295010208	20	0.9	1634.6	0.0	0.1	0.0	0.0	10
22295014919	17	0.830687830688	1597.02116402	0.031746031746	0.031746031746	0.137566137566	0.0	189
22295024919	8	0.967741935484	2706.83870968	0.0838709677419	0.0172043010753	0.010752688172	0.00430107526882	465
22295018934	23	0.960132890365	1830.11295681	0.0431893687708	0.0365448504983	0.00332225913621	0.0	301
22295026770	12	0.875	3205.5	0.25	0.0	0.125	0.0	32
55058000367	14	1.0	240.0	0.0	0.0	0.0	0.0	1
55058054727	12	0.0	0.0	0.0	0.0	0.0	1.0	2
22295024847	16	0.991596638655	1451.47058824	0.0756302521008	0.0	0.00840336134454	0.0	119
22295036760	11	0.0	0.0	0.0	1.0	0.0	0.0	2
22295026700	13	1.0	861.0	0.0	0.0	0.0	0.0	1
22295016710	2	1.0	2672.375	0.125	0.0	0.0	0.0	8
22295014919	16	0.9377593361	4174.67634855	0.219917012448	0.0622406639004	0.0	0.0	241
22295026830	8	0.628571428571	787.235714286	0.0214285714286	0.321428571429	0.00714285714286	0.0428571428571	140
22295036760	10	1.0	3859.0	1.0	0.0	0.0	0.0	1
22295016760	9	0.5	110.0	0.0	0.0	0.5	0.0	2
22295026670	12	1.0	2726.81268882	0.0483383685801	0.0	0.0	0.0	331
22295018934	22	0.0	0.0	0.0	0.0	1.0	0.0	2
55058000367	15	1.0	346.0	0.0	0.0	0.0	0.0	3
22295039845	0	0.0	0.0	0.0	0.0	1.0	0.0	7
22295024847	17	1.0	1856.34693878	0.0612244897959	0.0	0.0	0.0	98
22295016730	10	1.0	16173.8571429	0.428571428571	0.0	0.0	0.0	7
22295016710	9	0.971830985915	3705.47887324	0.183098591549	0.0140845070423	0.0	0.0140845070423	71
22295016730	8	1.0	1154.14285714	0.0	0.0	0.0	0.0	7
22295028903	20	0.913580246914	2772.13580247	0.0740740740741	0.0	0.0864197530864	0.0	81
22295034919	7	0.304347826087	483.434782609	0.0	0.0	0.695652173913	0.0	23
22295026770	10	0.979591836735	1019.12244898	0.0408163265306	0.0204081632653	0.0	0.0	49
55058054727	10	1.0	369.5	0.0	0.0	0.0	0.0	2
22295024847	23	1.0	300.0	0.0	0.0	0.0	0.0	1
22295018907	7	0.869565217391	8892.2173913	0.347826086957	0.0434782608696	0.0869565217391	0.0	23
22295014919	14	0.8512	2122.6544	0.048	0.0448	0.056	0.048	625
22295026710	13	0.976744186047	2071.0	0.0116279069767	0.0116279069767	0.0116279069767	0.0	86
22295010604	9	0.6875	1642.25	0.0	0.0625	0.125	0.125	16
22295028903	21	1.0	11952.2	0.0	0.0	0.0	0.0	5
22295018934	20	1.0	808.777777778	0.0	0.0	0.0	0.0	9
55058000367	17	0.0	0.0	0.0	0.0	0.0	1.0	2
22295024847	15	0.763888888889	2676.61111111	0.111111111111	0.0	0.236111111111	0.0	72
22295034639	5	0.625	228.09375	0.0	0.0	0.375	0.0	32
22295024847	22	1.0	4300.0	0.5	0.0	0.0	0.0	2
22295016710	14	0.938271604938	4118.25925926	0.234567901235	0.0617283950617	0.0	0.0	81
22295028903	17	0.954022988506	2096.20689655	0.0689655172414	0.0229885057471	0.0229885057471	0.0	87
22295026800	0	0.244897959184	375.448979592	0.0	0.0	0.755102040816	0.0	49
55058048452	17	0.777777777778	480.740740741	0.0	0.0	0.148148148148	0.0740740740741	27
22295016660	16	0.5	310.0	0.5	0.5	0.0	0.0	2
22295026670	15	1.0	301.0	0.0	0.0	0.0	0.0	1
22295016800	10	1.0	633.333333333	0.0	0.0	0.0	0.0	6
22295010604	16	0.90243902439	2502.83739837	0.0325203252033	0.0894308943089	0.00813008130081	0.0	123
22295016660	23	0.906976744186	1070.20930233	0.0232558139535	0.0	0.093023255814	0.0	86
22295016790	21	1.0	9002.0	1.0	0.0	0.0	0.0	1
22295020604	19	1.0	1260.0	0.0	0.0	0.0	0.0	1
22295023987	14	0.897435897436	2234.05128205	0.0128205128205	0.0769230769231	0.025641025641	0.0	78
22295016710	15	0.968085106383	5055.29787234	0.382978723404	0.0212765957447	0.0106382978723	0.0	94
22295028903	23	0.0	0.0	0.0	0.0	1.0	0.0	1
22295034639	21	0.875	3073.85416667	0.0	0.0625	0.0625	0.0	48
55058044727	10	1.0	320.215384615	0.0	0.0	0.0	0.0	65
22295025770	18	0.936395759717	1242.08833922	0.0636042402827	0.0282685512367	0.0212014134276	0.0141342756184	283
22295024847	20	0.923076923077	4645.76923077	0.384615384615	0.0769230769231	0.0	0.0	13
22295026840	19	1.0	400.0	0.0	0.0	0.0	0.0	1
22295018934	19	0.846153846154	1023.76923077	0.0	0.0769230769231	0.0769230769231	0.0	13
22295016800	11	1.0	1396.8490566	0.0377358490566	0.0	0.0	0.0	53
22295016780	9	0.453488372093	1003.34883721	0.0232558139535	0.0	0.546511627907	0.0	86
22295025770	19	0.970802919708	1307.34306569	0.036496350365	0.00729927007299	0.00729927007299	0.014598540146	137
22295026660	5	1.0	982.375	0.0	0.0	0.0	0.0	8
55058006740	17	0.911764705882	5405.61764706	0.0588235294118	0.0294117647059	0.0	0.0588235294118	34
22295026700	8	0.511111111111	1523.51111111	0.0444444444444	0.488888888889	0.0	0.0	45
22295026670	17	0.428571428571	168.142857143	0.0	0.142857142857	0.428571428571	0.0	7
55058044727	11	0.875	2059.95833333	0.0	0.0	0.0	0.125	24
55058006680	6	0.5	114.75	0.0	0.0	0.25	0.25	4
22295028903	11	0.852272727273	1863.21590909	0.0568181818182	0.136363636364	0.0113636363636	0.0	88
22295026710	14	0.960784313725	2409.47058824	0.0196078431373	0.0196078431373	0.0	0.0196078431373	51
22295010208	19	0.5	15565.5	0.0	0.5	0.0	0.0	2
22295026680	13	0.9	669.6	0.0	0.0	0.1	0.0	10
22295010604	10	0.866666666667	2232.4	0.0222222222222	0.1	0.0	0.0333333333333	90
22295026830	18	0.75	392.5	0.0	0.25	0.0	0.0	4
22295026840	18	1.0	23296.0	1.0	0.0	0.0	0.0	1
55058048452	11	1.0	403.333333333	0.0	0.0	0.0	0.0	6
22295039845	1	0.875	632.604166667	0.0208333333333	0.125	0.0	0.0	48
22295028907	7	0.955882352941	2517.64705882	0.0588235294118	0.0441176470588	0.0	0.0	68
22295034919	19	0.904761904762	2242.66666667	0.190476190476	0.0	0.0952380952381	0.0	21
22295010604	11	0.911764705882	2437.05882353	0.0441176470588	0.0882352941176	0.0	0.0	68
22295016750	9	1.0	789.166666667	0.0	0.0	0.0	0.0	24
22295034919	18	0.802816901408	2111.76056338	0.0845070422535	0.056338028169	0.112676056338	0.0281690140845	71
22295026680	12	1.0	2228.31460674	0.0449438202247	0.0	0.0	0.0	89
22295016800	13	0.972972972973	1252.40540541	0.0405405405405	0.0135135135135	0.0135135135135	0.0	74
22295026700	12	0.944444444444	1369.72222222	0.0	0.0	0.0555555555556	0.0	18
22295030682	5	0.951219512195	1785.18292683	0.0243902439024	0.0121951219512	0.0365853658537	0.0	164
22295016710	17	0.981481481481	2539.64814815	0.0925925925926	0.0185185185185	0.0	0.0	108
22295028903	10	0.969230769231	1931.66153846	0.0384615384615	0.0153846153846	0.0153846153846	0.0	130
55058006740	19	0.907692307692	851.484615385	0.0307692307692	0.0153846153846	0.0615384615385	0.0153846153846	130
22295016710	3	1.0	1958.74074074	0.037037037037	0.0	0.0	0.0	54
22295026710	22	1.0	680.0	0.0	0.0	0.0	0.0	1
22295026760	18	0.857142857143	6211.14285714	0.142857142857	0.142857142857	0.0	0.0	7
55058059933	19	0.5	120.0	0.0	0.0	0.0	0.5	2
22295026670	6	1.0	389.5	0.0	0.0	0.0	0.0	4
22295019356	0	0.909090909091	1752.90909091	0.0909090909091	0.0909090909091	0.0	0.0	11
22295010011	21	0.9625	3953.0	0.2125	0.0375	0.0	0.0	80
55058006740	18	0.5	662.136363636	0.0	0.0454545454545	0.454545454545	0.0	22
22295010604	13	1.0	2100.0	0.0	0.0	0.0	0.0	2
22295026770	11	0.916666666667	15629.3333333	0.416666666667	0.0	0.0833333333333	0.0	12
22295010011	20	0.933333333333	2674.8	0.0666666666667	0.0	0.0	0.0666666666667	15
55058048452	9	0.95	871.85	0.4	0.0	0.0	0.05	20
22295026700	14	0.95	1853.0	0.05	0.05	0.0	0.0	20
55058059933	18	1.0	200.0	0.0	0.0	0.0	0.0	1
22295028903	12	1.0	1807.6875	0.125	0.0	0.0	0.0	48
22295038488	8	0.981651376147	2188.49541284	0.0550458715596	0.00917431192661	0.0	0.00917431192661	109
22295016740	8	0.5	200.0	0.0	0.0	0.5	0.0	2
22295016730	9	1.0	10501.0	1.0	0.0	0.0	0.0	3
22295016820	9	0.0	0.0	0.0	0.0	1.0	0.0	3
22295018934	21	0.625	2902.625	0.125	0.0	0.375	0.0	8
55058000367	16	1.0	900.5	0.0	0.0	0.0	0.0	2
22295019835	13	0.5	150.0	0.0	0.5	0.0	0.0	2
22295024847	14	0.619047619048	1452.71428571	0.047619047619	0.0	0.380952380952	0.0	21
22295026700	15	0.987654320988	1304.92592593	0.111111111111	0.0	0.0	0.0123456790123	81
22295039835	11	0.217712177122	208.409594096	0.0184501845018	0.774907749077	0.00738007380074	0.0	271
22295014919	15	0.963099630996	3379.6900369	0.0959409594096	0.0258302583026	0.0110701107011	0.0	271
22295010011	22	1.0	1793.72307692	0.0461538461538	0.0	0.0	0.0	65
22295039835	10	0.887640449438	1632.52808989	0.0	0.0786516853933	0.0337078651685	0.0	89
22295019835	12	0.854545454545	2905.21818182	0.127272727273	0.109090909091	0.0363636363636	0.0	55
22295026770	17	0.264705882353	267.970588235	0.0588235294118	0.0294117647059	0.705882352941	0.0	34
22295028903	22	0.363636363636	261.636363636	0.0	0.272727272727	0.363636363636	0.0	11
22295026750	19	0.638554216867	1113.30120482	0.421686746988	0.349397590361	0.0120481927711	0.0	83
22295026770	16	0.552631578947	2880.72368421	0.157894736842	0.0657894736842	0.381578947368	0.0	76
22295024847	12	1.0	1492.06451613	0.0645161290323	0.0	0.0	0.0	31
22295024847	21	0.962962962963	2926.55555556	0.222222222222	0.0	0.037037037037	0.0	27
22295018934	18	1.0	2779.5	0.0	0.0	0.0	0.0	2
22295036780	16	1.0	370.0	0.0	0.0	0.0	0.0	2
22295026670	16	0.666666666667	7334.75	0.208333333333	0.125	0.208333333333	0.0	24
22295026750	18	0.857142857143	870.785714286	0.0	0.142857142857	0.0	0.0	28
22295016680	8	0.506849315068	520.643835616	0.0593607305936	0.465753424658	0.027397260274	0.0	219
22295019835	10	0.967741935484	1219.19354839	0.0322580645161	0.0322580645161	0.0	0.0	31
22295024847	13	0.4	3375.5	0.1	0.0	0.6	0.0	10
22295020604	21	1.0	926.0	0.0	0.0	0.0	0.0	10
22295019835	8	1.0	2062.26923077	0.00641025641026	0.0	0.0	0.0	156
55058058484	7	0.881720430108	546.129032258	0.0215053763441	0.0430107526882	0.010752688172	0.0645161290323	93
22295016670	4	1.0	1115.5	0.0	0.0	0.0	0.0	34
22295039835	12	0.949152542373	1883.6440678	0.00847457627119	0.0508474576271	0.0	0.0	118
22295026770	14	1.0	1877.86538462	0.0	0.0	0.0	0.0	52
22295026780	3	0.944444444444	914.555555556	0.0	0.0	0.0555555555556	0.0	18
22295016690	12	0.75	995.0	0.25	0.0	0.0	0.25	4
22295018934	16	1.0	7373.0	0.333333333333	0.0	0.0	0.0	6
22295016800	12	1.0	2326.27272727	0.0454545454545	0.0	0.0	0.0	22
22295036780	14	1.0	4281.0	0.0	0.0	0.0	0.0	2
22295010011	18	0.986666666667	2513.32	0.0133333333333	0.0133333333333	0.0	0.0	75
22295016710	16	0.953703703704	2311.61111111	0.101851851852	0.00925925925926	0.037037037037	0.0	108
22295018934	5	0.939393939394	1676.3030303	0.030303030303	0.030303030303	0.0	0.030303030303	33
22295026670	18	0.916666666667	726.25	0.0	0.0	0.0833333333333	0.0	12
22295024847	9	0.671875	8051.5	0.265625	0.21875	0.09375	0.015625	64
55058044727	12	1.0	1846.55555556	0.0	0.0	0.0	0.0	9
22295030686	0	0.899810964083	2196.11720227	0.0945179584121	0.0567107750473	0.0359168241966	0.00756143667297	529
22295024847	11	1.0	3086.02	0.16	0.0	0.0	0.0	50
22295020604	23	0.878787878788	1222.87878788	0.0	0.0	0.121212121212	0.0	33
22295023008	0	0.767908309456	2046.70487106	0.0444126074499	0.200573065903	0.0300859598854	0.00143266475645	698
55058000011	7	0.75	297.85	0.0	0.0	0.0	0.25	20
22295026710	17	1.0	3109.5	0.5	0.0	0.0	0.0	2
22295010011	19	0.882352941176	3352.41176471	0.176470588235	0.117647058824	0.0	0.0	34
22295026670	19	0.5	437.166666667	0.0	0.166666666667	0.333333333333	0.0	6
55058050682	6	0.934782608696	802.586956522	0.0	0.0217391304348	0.0	0.0434782608696	46
22295010604	12	0.971428571429	1539.82857143	0.0	0.0285714285714	0.0	0.0	35
22295026680	11	1.0	15158.0	0.6	0.0	0.0	0.0	5
22295016800	14	0.979591836735	1695.43877551	0.0510204081633	0.0204081632653	0.0	0.0	98
22295019356	6	0.953488372093	2546.93023256	0.046511627907	0.0	0.046511627907	0.0	43
22295020604	15	0.666666666667	386.666666667	0.0	0.0	0.333333333333	0.0	3
22295016710	10	0.965517241379	3018.44827586	0.137931034483	0.0172413793103	0.0	0.0172413793103	58
22295028903	13	1.0	2722.74358974	0.102564102564	0.0	0.0	0.0	39
22295038484	4	0.839572192513	1657.39037433	0.0828877005348	0.152406417112	0.00802139037433	0.0	374
55058006690	9	0.926829268293	1619.41463415	0.0	0.0	0.0487804878049	0.0243902439024	41
22295010208	14	0.866666666667	3148.26666667	0.0	0.0666666666667	0.0	0.0666666666667	15
22295018934	15	1.0	1459.75	0.0	0.0	0.0	0.0	4
22295016800	15	0.877192982456	596.929824561	0.0526315789474	0.105263157895	0.0	0.0175438596491	57
22295026710	19	0.836363636364	2514.61818182	0.0909090909091	0.0909090909091	0.0727272727273	0.0	55
22295020604	14	0.0	0.0	0.0	0.0	1.0	0.0	3
22295023987	6	0.958333333333	2913.3125	0.0416666666667	0.0416666666667	0.0	0.0	48
22295016710	11	0.979591836735	2702.2244898	0.163265306122	0.0	0.0204081632653	0.0	49
55058044727	14	0.666666666667	604.444444444	0.0	0.0	0.0	0.333333333333	9
22295034919	15	0.903225806452	929.786290323	0.0362903225806	0.0282258064516	0.0483870967742	0.0201612903226	248
22295010604	7	0.895833333333	3660.0625	0.0208333333333	0.104166666667	0.0	0.0	48
22295020194	7	0.986666666667	1485.42666667	0.0488888888889	0.0133333333333	0.0	0.0	225
22295010011	2	1.0	986.333333333	0.0	0.0	0.0	0.0	3
22295010011	23	0.904761904762	2697.86904762	0.047619047619	0.0357142857143	0.047619047619	0.0119047619048	84
22295026710	18	1.0	2924.7	0.0	0.0	0.0	0.0	10
55058040407	7	1.0	319.5	0.0	0.0	0.0	0.0	2
22295030682	10	0.767918088737	1603.53583618	0.129692832765	0.0580204778157	0.143344709898	0.0307167235495	293
22295030682	3	0.98	1086.92	0.0	0.0	0.0	0.02	50
22295028907	11	0.958333333333	3143.10416667	0.0833333333333	0.03125	0.0104166666667	0.0	96
22295034919	14	0.959731543624	2546.44966443	0.167785234899	0.0335570469799	0.00671140939597	0.0	149
22295018934	8	1.0	4379.83333333	0.166666666667	0.0	0.0	0.0	6
22295026680	16	1.0	4352.81818182	0.0	0.0	0.0	0.0	11
22295016660	9	0.944444444444	2521.0	0.0	0.0555555555556	0.0	0.0	36
22295026700	16	0.71978021978	2285.13186813	0.010989010989	0.0494505494505	0.230769230769	0.0	182
22295018907	8	0.851351351351	1264.16216216	0.0675675675676	0.148648648649	0.0	0.0	74
22295016710	13	0.888888888889	7452.96296296	0.333333333333	0.037037037037	0.0740740740741	0.0	27
55058050682	20	1.0	260.0	0.0	0.0	0.0	0.0	2
22295030682	11	0.876623376623	2070.3961039	0.142857142857	0.0779220779221	0.0	0.0454545454545	154
22295010208	8	1.0	3520.0	0.0	0.0	0.0	0.0	1
22295030686	2	0.911111111111	583.977777778	0.0	0.0222222222222	0.0	0.0666666666667	45
22295028907	10	0.966666666667	3527.3	0.0	0.0333333333333	0.0	0.0	30
22295016740	11	0.891304347826	1231.19565217	0.173913043478	0.108695652174	0.0	0.0	46
22295019835	11	0.977011494253	1245.29885057	0.0114942528736	0.0229885057471	0.0	0.0	87
22295019354	9	1.0	3584.33333333	0.0555555555556	0.0	0.0	0.0	18
22295039835	13	0.288461538462	767.506410256	0.025641025641	0.711538461538	0.0	0.0	156
22295026680	7	1.0	1010.25	0.0	0.0	0.0	0.0	4
22295024887	19	0.904255319149	2628.4787234	0.0744680851064	0.0957446808511	0.0	0.0	94
55058044727	17	0.5	405.0	0.0	0.0	0.0	0.5	4
55058050682	21	0.909090909091	658.636363636	0.272727272727	0.0909090909091	0.0	0.0	22
22295026680	14	1.0	520.333333333	0.0	0.0	0.0	0.0	3
22295016760	22	0.969230769231	3653.53846154	0.107692307692	0.0153846153846	0.0153846153846	0.0	65
22295016710	8	0.965779467681	2827.64258555	0.125475285171	0.00760456273764	0.0	0.0266159695817	263
22295016740	10	1.0	2055.33333333	0.0	0.0	0.0	0.0	9
22295036780	15	0.966101694915	2110.06779661	0.101694915254	0.0338983050847	0.0	0.0	59
22295014919	9	0.943533697632	3582.26958106	0.0856102003643	0.0382513661202	0.0145719489982	0.00364298724954	549
22295030682	13	0.918518518519	3153.57037037	0.0962962962963	0.037037037037	0.0444444444444	0.0	135
22295030682	4	0.863768115942	3430.80144928	0.23768115942	0.0101449275362	0.124637681159	0.00144927536232	690
22295034919	16	0.751724137931	1841.1862069	0.0344827586207	0.131034482759	0.110344827586	0.00689655172414	145
22295026770	15	1.0	1815.86153846	0.0615384615385	0.0	0.0	0.0	65
22295026760	12	0.882629107981	3163.73239437	0.211267605634	0.0985915492958	0.0140845070423	0.00469483568075	213
55058050682	9	1.0	320.0	0.0	0.0	0.0	0.0	2
22295024847	10	0.888888888889	3567.92592593	0.148148148148	0.0740740740741	0.037037037037	0.0	27
22295016760	23	0.864341085271	3234.5503876	0.093023255814	0.0968992248062	0.031007751938	0.0077519379845	258
22295039835	15	0.8125	4544.5625	0.0625	0.1875	0.0	0.0	16
22295024847	1	1.0	1837.88888889	0.0	0.0	0.0	0.0	9
55058050682	23	0.809045226131	1147.75879397	0.0301507537688	0.0402010050251	0.0502512562814	0.100502512563	199
22295020604	0	0.89375	3848.4	0.13125	0.1	0.00625	0.0	160
22295019835	17	1.0	5201.13333333	0.0	0.0	0.0	0.0	15
22295038488	1	0.942857142857	2365.57142857	0.2	0.0571428571429	0.0	0.0	35
22295024847	8	1.0	2533.94736842	0.421052631579	0.0	0.0	0.0	19
55058050682	7	0.84	622.84	0.186666666667	0.08	0.0	0.08	75
22295026760	13	0.909441233141	2889.04624277	0.175337186898	0.0789980732177	0.00770712909441	0.00385356454721	519
22295019835	16	0.75	5449.25	0.0	0.25	0.0	0.0	4
22295036780	13	0.8	747.0	0.0	0.0	0.2	0.0	5
22295016680	9	1.0	312.0	0.0	0.0	0.0	0.0	2
22295039835	14	0.866666666667	1196.8	0.0333333333333	0.133333333333	0.0	0.0	90
55058000367	1	1.0	209.5	0.0	0.0	0.0	0.0	2
55058006660	9	1.0	541.666666667	0.0	0.0	0.0	0.0	3
22295038484	21	0.795620437956	1980.34306569	0.043795620438	0.167883211679	0.036496350365	0.0	137
55058000682	9	1.0	373.035714286	0.0	0.0	0.0	0.0	28
22295018934	14	1.0	1184.9375	0.0625	0.0	0.0	0.0	32
55058006700	6	0.5	260.0	0.0	0.0	0.0	0.5	4
22295016760	21	0.991071428571	3095.96428571	0.116071428571	0.00892857142857	0.0	0.0	112
22295010011	7	0.421052631579	1415.45614035	0.280701754386	0.0350877192982	0.0	0.543859649123	57
22295016780	1	0.5	4562.625	0.0	0.0	0.5	0.0	8
22295019835	14	1.0	1076.73529412	0.0	0.0	0.0	0.0	34
22295039835	16	0.8125	3098.03125	0.1875	0.1875	0.0	0.0	32
22295038484	20	0.887052341598	1605.6969697	0.0371900826446	0.0220385674931	0.0537190082645	0.0371900826446	726
55058040011	18	1.0	329.0	0.0	0.0	0.0	0.0	2
22295026700	3	1.0	1296.19230769	0.0384615384615	0.0	0.0	0.0	26
22295026660	2	1.0	1937.8125	0.0	0.0	0.0	0.0	16
22295038488	3	1.0	355.666666667	0.0	0.0	0.0	0.0	42
55058000011	8	0.8	596.2	0.0	0.0	0.0	0.2	5
22295016690	17	1.0	7560.0	1.0	0.0	0.0	0.0	1
22295026760	11	0.974358974359	3514.03846154	0.141025641026	0.025641025641	0.0	0.0	78
55058006830	11	1.0	439.0	0.0	0.0	0.0	0.0	1
22295018934	12	1.0	7358.09090909	0.363636363636	0.0	0.0	0.0	11
22295016800	16	1.0	1412.53658537	0.0	0.0	0.0	0.0	41
22295020604	17	0.833333333333	3177.7962963	0.0740740740741	0.0555555555556	0.111111111111	0.0	54
22295016790	10	0.941176470588	1481.0	0.0	0.0588235294118	0.0	0.0	17
22295016710	12	1.0	4392.88461538	0.192307692308	0.0	0.0	0.0	26
55058009933	23	1.0	712.4375	0.0625	0.0	0.0	0.0	32
22295026780	13	1.0	486.235294118	0.0	0.0	0.0	0.0	17
22295016840	2	0.809523809524	717.095238095	0.0	0.190476190476	0.0	0.0	21
22295024887	8	0.941176470588	2718.70588235	0.117647058824	0.0	0.0588235294118	0.0	17
22295038484	22	0.989552238806	1317.19850746	0.0477611940299	0.0044776119403	0.00149253731343	0.0044776119403	670
22295018934	13	1.0	1213.57142857	0.0714285714286	0.0	0.0	0.0	28
55058058484	0	1.0	140.0	0.0	0.0	0.0	0.0	1
22295016790	11	1.0	1921.0	0.0	0.0	0.0	0.0	1
22295024887	18	0.892857142857	1670.92857143	0.0	0.0	0.107142857143	0.0	28
22295023008	1	0.892128279883	4742.37317784	0.151603498542	0.0962099125364	0.0116618075802	0.0	686
55058044727	16	1.0	482.785714286	0.0714285714286	0.0	0.0	0.0	14
22295034639	12	0.752293577982	2061.90825688	0.045871559633	0.0183486238532	0.229357798165	0.0	109
22295010208	16	1.0	8533.33333333	0.0	0.0	0.0	0.0	3
22295026810	15	1.0	2459.5	0.0	0.0	0.0	0.0	2
22295024847	2	1.0	5314.33333333	0.333333333333	0.0	0.0	0.0	6
22295016800	18	0.944444444444	2208.88888889	0.0	0.0	0.0555555555556	0.0	18
22295030682	2	0.926470588235	1902.44852941	0.0514705882353	0.0	0.0735294117647	0.0	136
22295030682	12	0.95530726257	2103.41340782	0.0391061452514	0.0167597765363	0.0279329608939	0.0	179
22295039845	6	0.727272727273	1377.66666667	0.0909090909091	0.030303030303	0.242424242424	0.0	33
22295026770	8	0.238095238095	227.619047619	0.0	0.0	0.761904761905	0.0	21
22295034639	4	0.888888888889	297.740740741	0.0	0.0	0.111111111111	0.0	27
22295034919	17	0.887254901961	2841.1372549	0.0735294117647	0.0539215686275	0.0441176470588	0.0147058823529	204
22295034639	13	0.639484978541	1604.73390558	0.0257510729614	0.0128755364807	0.347639484979	0.0	233
22295026680	15	0.571428571429	4156.07142857	0.214285714286	0.0	0.428571428571	0.0	14
22295026830	7	0.571428571429	1780.0	0.0	0.142857142857	0.0	0.285714285714	7
22295026840	11	0.860465116279	1845.48837209	0.232558139535	0.139534883721	0.0	0.0	43
22295025770	10	0.976744186047	3562.18604651	0.116279069767	0.0232558139535	0.0	0.0	43
22295026760	8	0.833333333333	1616.5	0.0	0.166666666667	0.0	0.0	6
22295016800	19	1.0	953.097560976	0.0	0.0	0.0	0.0	41
22295018934	11	0.842105263158	2069.52631579	0.0526315789474	0.157894736842	0.0	0.0	19
55058044727	18	0.888888888889	482.111111111	0.0	0.0	0.0	0.111111111111	9
55058050682	22	0.933333333333	950.511111111	0.0222222222222	0.0	0.0	0.0666666666667	45
22295018170	22	1.0	1446.55555556	0.0	0.0	0.0	0.0	9
22295010208	10	0.969696969697	1301.12121212	0.0	0.030303030303	0.0	0.0	33
22295026810	17	0.75	602.0	0.0	0.166666666667	0.0	0.0833333333333	12
22295028907	13	1.0	3597.80645161	0.0322580645161	0.0	0.0	0.0	31
22295016740	20	0.428571428571	238.214285714	0.0	0.0	0.571428571429	0.0	14
22295030682	14	0.925742574257	3554.24257426	0.0742574257426	0.0693069306931	0.0049504950495	0.0	202
22295016740	13	0.923076923077	753.038461538	0.0	0.0	0.0769230769231	0.0	26
22295026840	10	1.0	2050.66666667	0.222222222222	0.0	0.0	0.0	9
55058048452	19	1.0	319.777777778	0.0	0.0	0.0	0.0	9
22295026660	0	0.807881773399	966.812807882	0.0147783251232	0.12315270936	0.0541871921182	0.0147783251232	203
22295030686	18	0.974874371859	5588.27889447	0.103015075377	0.0100502512563	0.0150753768844	0.0	398
22295019835	6	1.0	5034.75	0.5	0.0	0.0	0.0	4
22295016680	23	0.613065326633	2030.87437186	0.115577889447	0.306532663317	0.0402010050251	0.0402010050251	199
22295020011	7	0.666666666667	339.666666667	0.0	0.333333333333	0.0	0.0	3
22295024919	16	0.935646687697	2962.40820189	0.184227129338	0.0454258675079	0.017665615142	0.001261829653	1585
22295025770	11	0.913793103448	2717.05172414	0.120689655172	0.0862068965517	0.0	0.0	58
22295010604	18	0.125	763.125	0.0104166666667	0.875	0.0	0.0	96
22295034639	11	0.740740740741	881.518518519	0.0	0.259259259259	0.0	0.0	27
22295034919	11	0.871428571429	3821.11428571	0.228571428571	0.0714285714286	0.0428571428571	0.0142857142857	70
22295010208	11	1.0	1073.6	0.0	0.0	0.0	0.0	10
55058006680	2	0.75	194.375	0.0	0.0	0.25	0.0	8
22295028903	19	0.880952380952	2380.66666667	0.0238095238095	0.0952380952381	0.0	0.0238095238095	42
22295016740	21	0.891891891892	997.135135135	0.027027027027	0.0	0.108108108108	0.0	37
22295016760	20	0.961538461538	3468.63461538	0.0769230769231	0.0	0.0384615384615	0.0	52
22295024919	17	0.936119873817	3721.14747634	0.320977917981	0.044952681388	0.0118296529968	0.00709779179811	1268
22295028903	18	0.722222222222	9179.5	0.277777777778	0.222222222222	0.0555555555556	0.0	18
55058048452	18	0.85	458.35	0.0166666666667	0.0	0.0	0.15	60
22295010604	19	0.8125	946.625	0.0	0.125	0.0	0.0625	16
22295018170	20	1.0	220.0	0.0	0.0	0.0	0.0	1
22295030686	19	0.892215568862	1685.93612774	0.0538922155689	0.0678642714571	0.0259481037924	0.0139720558882	501
22295028907	15	0.862068965517	2165.54022989	0.0344827586207	0.114942528736	0.0	0.0229885057471	87
22295038484	7	0.887096774194	2154.14193548	0.0354838709677	0.00645161290323	0.106451612903	0.0	310
22295034919	10	0.868421052632	1625.1622807	0.030701754386	0.0657894736842	0.0614035087719	0.00438596491228	228
22295018907	10	0.896551724138	2684.84482759	0.0862068965517	0.103448275862	0.0	0.0	58
22295016840	5	0.666666666667	3279.66666667	0.0	0.333333333333	0.0	0.0	3
22295030682	15	0.943037974684	2748.0	0.0379746835443	0.0506329113924	0.00632911392405	0.0	158
22295016670	8	0.990654205607	3101.10280374	0.0373831775701	0.0	0.00934579439252	0.0	107
22295026760	6	0.978021978022	4384.35164835	0.263736263736	0.010989010989	0.010989010989	0.0	91
22295039835	17	0.69696969697	1012.12121212	0.030303030303	0.30303030303	0.0	0.0	33
22295038488	7	0.88622754491	2934.25748503	0.0239520958084	0.0299401197605	0.0838323353293	0.0	167
22295026790	8	1.0	3420.0	0.0	0.0	0.0	0.0	1
22295025770	13	0.967320261438	1375.7254902	0.0457516339869	0.0130718954248	0.0	0.0196078431373	153
22295036760	20	0.8	7591.6	0.2	0.0	0.2	0.0	5
22295010208	13	0.846153846154	1521.15384615	0.0	0.153846153846	0.0	0.0	39
22295028907	14	1.0	1948.26470588	0.117647058824	0.0	0.0	0.0	34
22295026780	7	1.0	3274.75	0.125	0.0	0.0	0.0	8
22295026760	10	0.947368421053	3526.68421053	0.169590643275	0.0175438596491	0.0292397660819	0.00584795321637	171
22295018907	11	1.0	2024.16666667	0.0	0.0	0.0	0.0	12
22295019835	15	0.916666666667	7775.0	0.0	0.0833333333333	0.0	0.0	12
22295024919	15	0.906323185012	3454.39051522	0.154566744731	0.0462529274005	0.0386416861827	0.00878220140515	1708
22295036780	11	0.941176470588	2153.76470588	0.0588235294118	0.0	0.0588235294118	0.0	17
22295030682	17	0.947452229299	1544.34394904	0.046178343949	0.0350318471338	0.00796178343949	0.00955414012739	628
22295019835	5	0.666666666667	3853.5	0.5	0.166666666667	0.166666666667	0.0	6
22295034919	12	0.961616161616	2662.25858586	0.0666666666667	0.0323232323232	0.00606060606061	0.0	495
22295026780	12	1.0	380.0	0.0	0.0	0.0	0.0	1
22295036760	21	0.5	19336.5	1.0	0.5	0.0	0.0	2
22295026660	20	0.75	939.75	0.5	0.25	0.0	0.0	4
22295016740	14	0.931034482759	2669.44827586	0.0689655172414	0.0344827586207	0.0344827586207	0.0	29
22295038484	23	0.961538461538	1541.30769231	0.0412087912088	0.0302197802198	0.00824175824176	0.0	364
55058006730	9	1.0	8413.34482759	0.0689655172414	0.0	0.0	0.0	29
22295026780	21	0.872093023256	1641.05813953	0.104651162791	0.0581395348837	0.0697674418605	0.0	86
55058006690	2	0.796296296296	1671.6255144	0.059670781893	0.0	0.152263374486	0.0514403292181	486
22295026800	19	1.0	1580.0	0.0	0.0	0.0	0.0	1
22295010011	0	0.961538461538	3823.27472527	0.137362637363	0.032967032967	0.00549450549451	0.0	182
22295028907	16	0.909677419355	1733.8	0.0322580645161	0.0838709677419	0.0	0.00645161290323	155
55058009933	18	0.836363636364	591.618181818	0.0	0.0909090909091	0.0	0.0727272727273	55
22295026750	9	0.950617283951	932.135802469	0.0	0.0493827160494	0.0	0.0	81
22295018907	13	0.925	1704.09375	0.08125	0.0375	0.03125	0.00625	160
22295026660	21	1.0	359.0	0.0	0.0	0.0	0.0	1
22295020194	1	0.0909090909091	254.831168831	0.311688311688	0.0649350649351	0.038961038961	0.805194805195	77
22295026760	16	0.828025477707	2277.41401274	0.216560509554	0.171974522293	0.0	0.0	157
22295016670	21	0.984848484848	814.568181818	0.0454545454545	0.0	0.0151515151515	0.0	132
22295039835	18	1.0	320.0	0.0	0.0	0.0	0.0	1
22295019835	22	0.727272727273	3154.5	0.0909090909091	0.227272727273	0.0454545454545	0.0	22
22295026780	14	0.974358974359	2811.43589744	0.25641025641	0.0	0.025641025641	0.0	39
22295036760	23	0.894736842105	3043.73684211	0.368421052632	0.105263157895	0.0	0.0	19
22295026780	20	0.846153846154	4296.21538462	0.223076923077	0.153846153846	0.0	0.0	130
22295016690	15	1.0	610.0	0.0	0.0	0.0	0.0	2
22295026760	17	0.907216494845	4577.04123711	0.484536082474	0.0824742268041	0.0	0.0103092783505	97
22295016740	16	0.636363636364	1843.81818182	0.0	0.0	0.363636363636	0.0	11
22295026800	18	1.0	518.0	0.0	0.0	0.0	0.0	1
22295016740	9	1.0	3785.28571429	0.285714285714	0.0	0.0	0.0	7
22295020011	20	0.975609756098	1110.70731707	0.0243902439024	0.0	0.0243902439024	0.0	41
22295026660	23	1.0	445.25	0.0	0.0	0.0	0.0	4
22295026830	2	0.666666666667	1626.66666667	0.0	0.0	0.0	0.333333333333	6
22295026780	15	1.0	2089.6	0.0	0.0	0.0	0.0	5
22295016700	20	1.0	2748.0	0.0	0.0	0.0	0.0	5
22295026810	16	0.5	1030.15	0.1	0.0	0.35	0.15	20
22295016670	23	1.0	509.571428571	0.0	0.0	0.0	0.0	7
22295018934	10	0.151515151515	629.696969697	0.121212121212	0.030303030303	0.0909090909091	0.727272727273	33
22295020011	21	0.921875	1685.9375	0.0625	0.015625	0.0625	0.0	64
55058000011	18	1.0	360.920634921	0.047619047619	0.0	0.0	0.0	63
22295026780	22	0.916666666667	1173.0	0.166666666667	0.0833333333333	0.0	0.0	12
22295016700	21	0.923611111111	3459.77083333	0.236111111111	0.0138888888889	0.0625	0.0	144
22295015770	19	0.993902439024	2537.20121951	0.0792682926829	0.00609756097561	0.0	0.0	164
22295026760	15	0.864055299539	3844.28801843	0.154377880184	0.124423963134	0.00921658986175	0.00230414746544	434
22295034639	10	0.553846153846	743.323076923	0.0153846153846	0.0	0.438461538462	0.00769230769231	130
22295026660	19	0.958333333333	3189.83333333	0.208333333333	0.0	0.0416666666667	0.0	24
22295010011	10	0.854545454545	2018.54545455	0.0181818181818	0.145454545455	0.0	0.0	55
22295019835	21	0.923076923077	2046.23076923	0.0384615384615	0.0384615384615	0.0384615384615	0.0	26
55058040011	15	1.0	3024.33333333	0.0	0.0	0.0	0.0	9
22295039835	2	0.925	2744.7	0.425	0.075	0.0	0.0	40
22295026660	9	0.883720930233	5510.06976744	0.015503875969	0.093023255814	0.0232558139535	0.0	129
22295026780	17	1.0	7232.0	1.0	0.0	0.0	0.0	1
22295018170	21	0.964285714286	1466.28571429	0.0	0.0357142857143	0.0	0.0	28
22295015770	18	0.885245901639	1194.52459016	0.131147540984	0.0983606557377	0.016393442623	0.0	61
22295019356	5	1.0	655.6	0.0	0.0	0.0	0.0	5
22295026820	1	1.0	326.367231638	0.0	0.0	0.0	0.0	177
55058058484	11	0.712378202815	2458.0667629	0.477444965716	0.00793937206785	0.0155178635872	0.26416456153	2771
22295026660	18	0.5	130.5	0.5	0.0	0.5	0.0	2
22295020604	13	1.0	555.0	0.0	0.0	0.0	0.0	4
22295020011	23	0.774193548387	686.548387097	0.0	0.0967741935484	0.129032258065	0.0	31
22295010011	11	0.911646586345	1915.35742972	0.14859437751	0.0843373493976	0.0	0.00401606425703	249
22295016700	23	1.0	1112.64968153	0.0127388535032	0.0	0.0	0.0	157
22295025770	12	0.947368421053	2610.68421053	0.0	0.0526315789474	0.0	0.0	19
22295034639	16	0.901639344262	4474.03278689	0.0819672131148	0.0	0.0983606557377	0.0	61
22295010208	12	1.0	758.363636364	0.0909090909091	0.0	0.0	0.0	22
22295024847	19	1.0	1424.75	0.0	0.0	0.0	0.0	8
22295016740	22	0.952662721893	1109.89940828	0.0177514792899	0.00591715976331	0.0177514792899	0.0236686390533	169
22295016670	1	1.0	1771.0625	0.0	0.0	0.0	0.0	16
22295026840	13	0.887755102041	2178.0	0.163265306122	0.0816326530612	0.0	0.030612244898	98
55058058484	10	0.661031518625	1836.952149	0.326074498567	0.0114613180516	0.0200573065903	0.307449856734	3490
22295024919	14	0.889705882353	4350.33298319	0.242647058824	0.0661764705882	0.0273109243697	0.0168067226891	952
22295030682	16	0.971014492754	2142.8115942	0.0966183574879	0.0144927536232	0.00966183574879	0.0048309178744	207
22295026760	0	0.888888888889	620.111111111	0.0	0.111111111111	0.0	0.0	9
22295016690	18	0.666666666667	3926.66666667	0.333333333333	0.166666666667	0.166666666667	0.0	6
22295034919	13	0.98224852071	1173.47928994	0.00887573964497	0.0147928994083	0.00295857988166	0.0	338
22295034639	17	0.95	3415.05	0.2	0.0	0.0	0.05	20
22295019835	4	1.0	3329.75	0.25	0.0	0.0	0.0	4
22295016750	18	0.666666666667	1140.0	0.0	0.166666666667	0.166666666667	0.0	6
22295024887	12	0.841379310345	2400.32413793	0.103448275862	0.103448275862	0.0551724137931	0.0	145
22295025770	14	0.761904761905	1901.9047619	0.0	0.047619047619	0.190476190476	0.0	21
22295016670	6	1.0	3874.625	0.1875	0.0	0.0	0.0	16
22295028907	17	0.951612903226	2525.87096774	0.0806451612903	0.0483870967742	0.0	0.0	62
22295018907	12	0.6	840.05	0.0	0.4	0.0	0.0	20
22295026840	15	1.0	1819.83333333	0.166666666667	0.0	0.0	0.0	6
55058058484	12	0.71978021978	696.10989011	0.0384615384615	0.010989010989	0.00549450549451	0.263736263736	182
22295039845	7	0.0571428571429	73.6857142857	0.0	0.0285714285714	0.914285714286	0.0	35
22295025770	8	0.939393939394	2906.39393939	0.0606060606061	0.0606060606061	0.0	0.0	33
22295016750	19	0.769230769231	3253.92307692	0.115384615385	0.0	0.230769230769	0.0	26
22295010011	13	0.939393939394	1781.72727273	0.0	0.0606060606061	0.0	0.0	33
55058050682	0	0.72306143001	2603.35045317	0.13192346425	0.00302114803625	0.012084592145	0.261832829809	993
22295030686	14	0.575107296137	1376.22746781	0.0214592274678	0.0128755364807	0.407725321888	0.00429184549356	233
22295030682	18	0.953596287703	3278.33178654	0.155452436195	0.0371229698376	0.0046403712297	0.0046403712297	431
22295024887	13	0.923913043478	4442.65217391	0.195652173913	0.0760869565217	0.0	0.0	92
22295023987	23	1.0	486.333333333	0.0	0.0	0.0	0.0	3
22295024887	9	0.753424657534	2390.61643836	0.356164383562	0.232876712329	0.013698630137	0.0	73
22295025770	15	0.875	3982.5	0.125	0.0	0.125	0.0	8
22295016760	17	0.957746478873	3870.04225352	0.12676056338	0.0	0.0281690140845	0.0140845070423	71
22295024919	12	0.951764705882	6022.95529412	0.317647058824	0.0388235294118	0.00470588235294	0.00470588235294	850
22295016740	17	1.0	580.0	0.0	0.0	0.0	0.0	1
22295026840	14	0.863636363636	2441.81818182	0.0909090909091	0.0454545454545	0.0909090909091	0.0	22
22295026830	6	0.666666666667	1813.33333333	0.0	0.0	0.0	0.333333333333	6
22295034639	15	0.794117647059	1221.64705882	0.0	0.0882352941176	0.0588235294118	0.0588235294118	34
22295030682	19	0.904530744337	2979.13592233	0.163430420712	0.0307443365696	0.0566343042071	0.00809061488673	618
22295023987	22	0.864864864865	2876.54054054	0.162162162162	0.135135135135	0.0	0.0	37
22295016760	16	1.0	1350.5	0.0	0.0	0.0	0.0	2
22295018907	14	0.69512195122	1373.86585366	0.0243902439024	0.0853658536585	0.219512195122	0.0	82
22295026660	22	1.0	505.4	0.0	0.0	0.0	0.0	5
22295030686	15	0.885496183206	3111.09160305	0.0992366412214	0.0152671755725	0.0992366412214	0.0	131
22295016670	22	1.0	1350.0	0.125	0.0	0.0	0.0	8
22295026730	7	0.746987951807	781.457831325	0.0361445783133	0.253012048193	0.0	0.0	83
22295036780	9	1.0	1740.0	0.0	0.0	0.0	0.0	1
22295024919	13	0.911680911681	5211.37108262	0.160968660969	0.0662393162393	0.0156695156695	0.00641025641026	1404
55058000367	7	0.6	192.0	0.2	0.0	0.0	0.4	5
22295026780	23	0.961538461538	1684.83653846	0.0384615384615	0.0288461538462	0.00961538461538	0.0	104
22295025770	17	0.954545454545	1707.20454545	0.0454545454545	0.0454545454545	0.0	0.0	88
22295030682	21	0.865750528541	1667.08668076	0.0803382663848	0.0116279069767	0.109936575053	0.0126849894292	946
22295026760	14	0.888767720829	2484.03271538	0.127589967285	0.0796074154853	0.0239912758997	0.00763358778626	917
22295018907	15	0.978260869565	1355.67391304	0.0217391304348	0.0	0.0	0.0217391304348	46
22295026840	16	1.0	3772.66666667	0.0	0.0	0.0	0.0	3
22295016810	14	0.909090909091	3662.0	0.181818181818	0.0909090909091	0.0	0.0	11
22295019845	10	0.714285714286	1381.57142857	0.0285714285714	0.0857142857143	0.2	0.0	35
22295024887	11	1.0	1817.55555556	0.111111111111	0.0	0.0	0.0	9
22295023987	20	0.746376811594	1343.92753623	0.036231884058	0.0942028985507	0.159420289855	0.0	138
22295026830	0	0.848275862069	4044.1862069	0.193103448276	0.0275862068966	0.00689655172414	0.11724137931	145
22295016760	14	0.833333333333	11748.3333333	0.833333333333	0.166666666667	0.0	0.0	6
22295026780	16	0.855855855856	3223.75675676	0.198198198198	0.0810810810811	0.018018018018	0.045045045045	111
22295010604	4	1.0	468.0	0.0	0.0	0.0	0.0	5
22295034639	8	0.759292035398	1314.74867257	0.00884955752212	0.00353982300885	0.00176991150442	0.235398230088	565
22295018907	21	1.0	40966.0	0.0	0.0	0.0	0.0	4
22295030682	20	0.965384615385	3466.45384615	0.169230769231	0.0192307692308	0.0115384615385	0.00384615384615	260
22295030682	9	0.963788300836	8216.06128134	0.122562674095	0.016713091922	0.0194986072423	0.0	359
22295030686	5	0.8359375	1002.3203125	0.0078125	0.0234375	0.1171875	0.0234375	128
22295024919	11	0.845614035088	2820.06315789	0.161403508772	0.0456140350877	0.0912280701754	0.0175438596491	570
22295016740	18	0.863636363636	2173.18181818	0.0454545454545	0.0	0.136363636364	0.0	22
22295019845	11	0.940119760479	1300.49101796	0.0059880239521	0.0419161676647	0.0	0.0179640718563	167
22295030686	17	0.783464566929	1260.00393701	0.0354330708661	0.0354330708661	0.181102362205	0.0	254
22295019835	20	0.944444444444	2251.41666667	0.0555555555556	0.0277777777778	0.0277777777778	0.0	36
22295026800	15	1.0	888.235294118	0.0	0.0	0.0	0.0	17
22295016700	22	0.967391304348	3285.29891304	0.25	0.0108695652174	0.0108695652174	0.0108695652174	184
55058058484	5	1.0	222.15625	0.0	0.0	0.0	0.0	32
22295016730	1	1.0	379.5	0.0	0.0	0.0	0.0	2
22295024847	18	0.84375	4202.6875	0.09375	0.09375	0.0625	0.0	32
22295018907	20	0.89375	2265.9375	0.0375	0.03125	0.04375	0.03125	160
22295016810	16	0.875	852.625	0.0	0.125	0.0	0.0	8
22295018907	17	1.0	835.462686567	0.0298507462687	0.0	0.0	0.0	67
22295020194	20	0.927884615385	3172.51923077	0.120192307692	0.0384615384615	0.0336538461538	0.0	208
22295020011	22	0.884615384615	869.615384615	0.0384615384615	0.0192307692308	0.0961538461538	0.0	52
22295026780	18	0.960317460317	3486.49206349	0.214285714286	0.0238095238095	0.015873015873	0.0	126
22295020194	8	1.0	2821.1744186	0.0	0.0	0.0	0.0	86
22295030686	1	0.972093023256	1173.86744186	0.113953488372	0.0046511627907	0.0	0.0232558139535	430
22295030682	22	0.873517786561	2967.61660079	0.184453227931	0.0698287220026	0.0316205533597	0.0250329380764	759
22295030686	6	0.932038834951	2152.78640777	0.0485436893204	0.0388349514563	0.0291262135922	0.0	103
22295015770	0	1.0	1336.125	0.0625	0.0	0.0	0.0	16
55058040407	9	0.826589595376	1772.21965318	0.0982658959538	0.0173410404624	0.028901734104	0.127167630058	173
22295026800	14	0.473933649289	2955.87203791	0.720379146919	0.042654028436	0.0	0.483412322275	211
22295016730	23	0.962962962963	3353.03703704	0.037037037037	0.037037037037	0.0	0.0	27
22295016800	7	1.0	530.5	0.0	0.0	0.0	0.0	2
55058050682	2	1.0	120.0	0.0	0.0	0.0	0.0	2
22295020194	21	0.905405405405	4344.27027027	0.0945945945946	0.0945945945946	0.0	0.0	74
55058009933	12	1.0	290.0	0.0	0.0	0.0	0.0	6
22295030686	3	0.991304347826	3118.46956522	0.0695652173913	0.0	0.0	0.00869565217391	230
22295026780	19	0.865671641791	1264.32835821	0.044776119403	0.134328358209	0.0	0.0	134
22295038488	6	0.836956521739	1716.67391304	0.0815217391304	0.0326086956522	0.130434782609	0.0	184
22295026810	12	1.0	725.714285714	0.0	0.0	0.0	0.0	7
22295030682	8	0.968023255814	2223.84883721	0.046511627907	0.00581395348837	0.0261627906977	0.0	344
55058058484	13	0.777777777778	418.333333333	0.0	0.0	0.0	0.222222222222	9
22295039835	8	0.967741935484	3778.41935484	0.0645161290323	0.0322580645161	0.0	0.0	62
22295018170	18	1.0	2372.0	0.0	0.0	0.0	0.0	1
22295016730	22	0.942857142857	912.0	0.0	0.0571428571429	0.0	0.0	35
22295010011	12	0.96875	1707.71875	0.015625	0.015625	0.015625	0.0	64
22295026680	20	1.0	5314.33333333	0.666666666667	0.0	0.0	0.0	3
22295015770	15	0.692307692308	659.384615385	0.0384615384615	0.0384615384615	0.269230769231	0.0	26
55058009933	13	0.833333333333	1763.33333333	0.0	0.166666666667	0.0	0.0	6
22295034639	14	0.916666666667	1040.27083333	0.0	0.0208333333333	0.0416666666667	0.0208333333333	144
22295023008	5	0.976377952756	1559.26771654	0.0551181102362	0.0	0.0236220472441	0.0	254
22295024887	0	0.891803278689	2751.74098361	0.0885245901639	0.0262295081967	0.0819672131148	0.0	305
22295023008	18	0.961414790997	2471.11254019	0.0450160771704	0.0192926045016	0.0192926045016	0.0	311
22295020194	23	0.950943396226	1660.84528302	0.0603773584906	0.011320754717	0.0301886792453	0.00754716981132	265
22295026800	16	1.0	580.0	0.0	0.0	0.0	0.0	1
22295010208	9	1.0	4965.5	0.0	0.0	0.0	0.0	4
22295016750	7	0.933333333333	316.333333333	0.0	0.0	0.0666666666667	0.0	15
22295015770	14	0.95652173913	1345.73913043	0.0434782608696	0.0434782608696	0.0	0.0	23
55058058484	15	0.773770491803	719.352459016	0.044262295082	0.00327868852459	0.00655737704918	0.216393442623	610
22295016710	4	1.0	780.0	0.0	0.0	0.0	0.0	1
22295036780	18	0.925925925926	1592.22222222	0.0	0.0185185185185	0.0555555555556	0.0	54
22295019835	9	0.955555555556	1213.73333333	0.0	0.0444444444444	0.0	0.0	45
22295010011	14	0.883720930233	1652.97674419	0.046511627907	0.046511627907	0.0232558139535	0.046511627907	43
22295016720	8	1.0	260.0	0.0	0.0	0.0	0.0	1
22295023008	19	0.919860627178	1934.55400697	0.0313588850174	0.0174216027875	0.0452961672474	0.0174216027875	287
22295039845	2	0.903225806452	697.483870968	0.0	0.0967741935484	0.0	0.0	31
22295026840	17	0.857142857143	1953.85714286	0.0	0.142857142857	0.0	0.0	7
55058058484	14	0.551020408163	11647.3265306	0.326530612245	0.0578231292517	0.0646258503401	0.326530612245	294
22295018170	17	0.857142857143	357.285714286	0.0	0.142857142857	0.0	0.0	7
22295025770	16	0.830357142857	3376.79464286	0.375	0.160714285714	0.00892857142857	0.0	112
22295026830	4	0.666666666667	1990.0	0.0	0.0	0.0	0.333333333333	6
22295010011	15	1.0	3086.16666667	0.222222222222	0.0	0.0	0.0	18
55058044727	22	0.5	229.5	0.0	0.0	0.5	0.0	2
22295024887	10	0.814814814815	4384.59259259	0.12962962963	0.0925925925926	0.0925925925926	0.0	54
55058009933	11	1.0	626.666666667	0.0	0.0	0.0	0.0	3
55058000367	6	1.0	160.0	0.0	0.0	0.0	0.0	1
22295016760	15	1.0	270.0	0.0	0.0	0.0	0.0	2
22295034639	3	0.714285714286	591.5	0.0	0.142857142857	0.142857142857	0.0	14
55058040011	13	1.0	460.0	0.0	0.0	0.0	0.0	1
22295019845	9	0.0	0.0	0.0	1.0	0.0	0.0	2
22295016700	9	0.954545454545	1514.18181818	0.0454545454545	0.0454545454545	0.0	0.0	22
22295024919	10	0.927272727273	2578.13636364	0.0675324675325	0.0558441558442	0.0142857142857	0.0025974025974	770
22295016840	21	1.0	1320.88888889	0.0	0.0	0.0	0.0	18
22295014919	7	0.972789115646	2191.21088435	0.0204081632653	0.0	0.0272108843537	0.0	147
22295030686	16	0.935064935065	2525.63636364	0.0909090909091	0.0519480519481	0.012987012987	0.0	77
22295015770	16	0.942857142857	18034.0571429	0.2	0.0285714285714	0.0285714285714	0.0	35
22295023987	21	0.987124463519	4950.80257511	0.111587982833	0.00858369098712	0.0	0.00429184549356	233
55058040407	18	0.92	2461.6	0.04	0.0	0.0	0.08	25
22295018907	16	1.0	2306.84615385	0.0384615384615	0.0	0.0	0.0	26
55058058484	16	0.469696969697	773.265151515	0.0681818181818	0.0	0.121212121212	0.409090909091	132
22295018170	15	1.0	5500.0	0.0	0.0	0.0	0.0	1
22295010011	17	0.916666666667	1338.9375	0.0	0.0625	0.0	0.0208333333333	48
22295024887	16	0.973045822102	2884.11859838	0.177897574124	0.0215633423181	0.00269541778976	0.00269541778976	371
22295023987	9	0.867469879518	1768.03614458	0.0602409638554	0.0481927710843	0.0843373493976	0.0	83
22295023987	7	0.764150943396	945.858490566	0.0	0.179245283019	0.0566037735849	0.0	106
22295036780	22	1.0	440.0	0.0	0.0	0.0	0.0	3
22295016690	22	1.0	6646.83333333	0.333333333333	0.0	0.0	0.0	6
22295026770	22	0.764705882353	3943.90588235	0.258823529412	0.2	0.0235294117647	0.0117647058824	85
22295030682	23	0.872093023256	4025.08914729	0.139534883721	0.062015503876	0.0503875968992	0.015503875969	516
22295028907	9	0.8875	2170.525	0.0375	0.1125	0.0	0.0	80
22295038484	0	0.945454545455	3016.42727273	0.0363636363636	0.0363636363636	0.0181818181818	0.0	110
22295016780	7	0.636363636364	731.13986014	0.020979020979	0.013986013986	0.34965034965	0.0	143
22295020194	5	0.0555555555556	38.3333333333	0.305555555556	0.0833333333333	0.0	0.861111111111	36
22295019845	12	0.974358974359	687.846153846	0.0	0.025641025641	0.0	0.0	39
55058000367	21	1.0	522.857142857	0.0	0.0	0.0	0.0	7
22295016700	6	1.0	4139.0	0.0	0.0	0.0	0.0	2
22295024887	17	0.946428571429	1394.42857143	0.0625	0.0	0.0535714285714	0.0	112
22295030686	10	0.967871485944	7914.03614458	0.0562248995984	0.0281124497992	0.00401606425703	0.0	249
22295036780	23	0.818181818182	533.0	0.0909090909091	0.0909090909091	0.0909090909091	0.0	11
22295016760	13	0.5	11417.875	0.5	0.375	0.125	0.0	8
22295034639	19	0.941176470588	2645.39215686	0.0588235294118	0.0294117647059	0.00980392156863	0.0196078431373	102
22295016690	23	1.0	2625.13740458	0.0839694656489	0.0	0.0	0.0	131
22295018907	18	0.896296296296	808.348148148	0.0296296296296	0.103703703704	0.0	0.0	135
22295016840	22	1.0	1490.25	0.0	0.0	0.0	0.0	4
22295018907	23	0.5	150.5	0.0	0.0	0.0	0.5	2
22295026770	23	0.518518518519	2012.55555556	0.037037037037	0.222222222222	0.259259259259	0.0	27
55058000682	7	1.0	186.666666667	0.0	0.0	0.0	0.0	3
55058000367	20	1.0	547.088235294	0.0294117647059	0.0	0.0	0.0	34
55058006680	1	0.6	180.0	0.0	0.0	0.4	0.0	5
22295030686	11	0.757575757576	1632.5	0.0151515151515	0.0909090909091	0.136363636364	0.0151515151515	66
22295026790	19	1.0	1271.64516129	0.0483870967742	0.0	0.0	0.0	62
22295034919	8	0.939393939394	2783.12121212	0.0454545454545	0.0	0.0606060606061	0.0	66
22295016760	12	1.0	2000.0	0.0	0.0	0.0	0.0	1
22295018907	19	1.0	4955.5	0.3	0.0	0.0	0.0	10
22295030682	0	0.870206489676	2861.80530973	0.11209439528	0.0973451327434	0.0117994100295	0.0206489675516	339
22295038484	3	1.0	344.0	0.0	0.0	0.0	0.0	5
22295019845	14	0.947368421053	873.526315789	0.0	0.0	0.0526315789474	0.0	19
55058058484	9	0.954285714286	1399.24571429	0.0628571428571	0.0	0.0	0.0457142857143	175
22295024887	15	0.989795918367	3276.29591837	0.0204081632653	0.0102040816327	0.0	0.0	98
55058006820	7	0.95	997.15	0.0	0.0	0.0	0.05	20
22295026790	20	0.833333333333	697.666666667	0.0	0.166666666667	0.0	0.0	6
22295036780	21	0.953125	3642.734375	0.1875	0.0	0.046875	0.0	64
22295020194	22	0.861111111111	1175.98015873	0.115079365079	0.0198412698413	0.00396825396825	0.115079365079	252
22295019845	7	1.0	466.666666667	0.0	0.0	0.0	0.0	3
22295030682	7	0.966292134831	1278.55955056	0.0134831460674	0.0157303370787	0.0134831460674	0.00449438202247	445
22295026800	17	1.0	4460.8	0.133333333333	0.0	0.0	0.0	15
22295026770	21	0.464285714286	4849.80357143	0.178571428571	0.178571428571	0.339285714286	0.0178571428571	56
22295010604	6	1.0	1140.0	0.0	0.0	0.0	0.0	1
22295036780	19	0.956896551724	4590.15517241	0.353448275862	0.00862068965517	0.0172413793103	0.0172413793103	116
22295019845	15	1.0	813.0	0.0	0.0	0.0	0.0	3
22295030686	13	0.903846153846	3409.94230769	0.0769230769231	0.0384615384615	0.0192307692308	0.0384615384615	52
22295010011	1	1.0	836.085106383	0.106382978723	0.0	0.0	0.0	47
22295016730	21	0.911764705882	886.852941176	0.0	0.0882352941176	0.0	0.0	68
22295026790	21	0.333333333333	593.666666667	0.0	0.0	0.666666666667	0.0	3
55058006670	9	1.0	310.0	0.0	0.0	0.0	0.0	2
22295025770	21	0.951923076923	8341.99038462	0.0576923076923	0.0384615384615	0.00961538461538	0.0	104
22295026800	11	0.989795918367	3674.17346939	0.0510204081633	0.0102040816327	0.0	0.0	98
22295010011	3	1.0	310.0	0.0	0.0	0.0	0.0	2
55058044727	23	0.0	0.0	0.0	0.0	1.0	0.0	2
55058050682	15	0.736196319018	836.306748466	0.0368098159509	0.104294478528	0.128834355828	0.0306748466258	163
22295019845	17	1.0	430.0	0.0	0.0	0.0	0.0	2
22295015770	17	0.839694656489	1449.98473282	0.106870229008	0.106870229008	0.0534351145038	0.0	131
55058000682	8	0.904761904762	576.19047619	0.0	0.0	0.0	0.0952380952381	21
22295025770	20	0.928571428571	1911.26190476	0.0952380952381	0.047619047619	0.0	0.0238095238095	42
55058040407	19	1.0	453.769230769	0.0	0.0	0.0	0.0	13
55058058484	17	1.0	1519.45454545	0.0909090909091	0.0	0.0	0.0	11
22295016670	11	0.965838509317	2850.47515528	0.10248447205	0.0248447204969	0.0	0.00931677018634	322
22295018170	14	0.714285714286	1414.21428571	0.0714285714286	0.285714285714	0.0	0.0	14
22295026700	9	0.686274509804	1212.1372549	0.0196078431373	0.274509803922	0.0392156862745	0.0	51
22295010011	16	0.941176470588	2004.28571429	0.00840336134454	0.0504201680672	0.00840336134454	0.0	119
55058009933	16	0.969696969697	1287.75757576	0.0	0.0	0.0	0.030303030303	33
55058050682	14	0.913043478261	485.391304348	0.0869565217391	0.0	0.0434782608696	0.0434782608696	23
22295026660	11	0.970588235294	1780.09663866	0.0357142857143	0.0105042016807	0.0105042016807	0.00840336134454	476
55058000011	10	1.0	372.636363636	0.272727272727	0.0	0.0	0.0	11
22295026760	7	0.902255639098	3196.98496241	0.142857142857	0.0375939849624	0.0601503759398	0.0	133
22295016670	10	0.92	6559.56	0.24	0.04	0.0	0.04	25
22295025770	22	1.0	4282.875	0.0	0.0	0.0	0.0	8
22295026800	12	1.0	2311.43636364	0.0181818181818	0.0	0.0	0.0	165
55058006700	15	0.666666666667	200.0	0.333333333333	0.0	0.0	0.333333333333	3
22295015770	11	0.918032786885	1696.36065574	0.131147540984	0.0491803278689	0.0327868852459	0.0	61
22295020194	2	0.0298507462687	12.223880597	0.582089552239	0.044776119403	0.0	0.925373134328	67
55058009933	17	0.984126984127	631.746031746	0.015873015873	0.0	0.0	0.015873015873	63
22295010604	21	1.0	5840.33333333	0.166666666667	0.0	0.0	0.0	12
22295025770	0	0.444444444444	1077.77777778	0.333333333333	0.333333333333	0.0	0.222222222222	9
22295034639	18	1.0	404.4	0.0	0.0	0.0	0.0	5
55058058484	19	0.807692307692	947.586538462	0.0961538461538	0.0673076923077	0.0480769230769	0.0769230769231	104
55058000682	22	0.894736842105	798.636842105	0.0526315789474	0.0578947368421	0.0105263157895	0.0368421052632	190
22295026660	10	0.96875	2484.36458333	0.0625	0.0104166666667	0.0208333333333	0.0	96
22295018170	12	0.75	6105.0	0.0	0.25	0.0	0.0	4
22295016790	9	1.0	1836.5	0.0	0.0	0.0	0.0	10
22295010604	20	0.958333333333	3176.925	0.316666666667	0.0333333333333	0.00833333333333	0.0	120
22295020194	3	0.0416666666667	12.8333333333	0.611111111111	0.0555555555556	0.0416666666667	0.861111111111	72
55058000011	11	0.836734693878	484.040816327	0.0204081632653	0.0	0.0	0.163265306122	49
22295026750	6	0.833333333333	2666.41666667	0.25	0.166666666667	0.0	0.0	12
55058054727	9	1.0	320.0	0.0	0.0	0.0	0.0	3
22295015770	10	0.685393258427	1355.57303371	0.0224719101124	0.213483146067	0.0898876404494	0.0112359550562	89
55058006700	14	1.0	413.333333333	0.0	0.0	0.0	0.0	3
22295015770	9	1.0	1944.55555556	0.111111111111	0.0	0.0	0.0	9
55058058484	18	0.833333333333	721.583333333	0.0833333333333	0.0	0.0	0.166666666667	12
22295016670	12	0.989619377163	3277.59861592	0.103806228374	0.0103806228374	0.0	0.0	289
22295018170	13	0.6	2098.0	0.0	0.2	0.0	0.2	25
22295016680	2	0.55497382199	1650.19371728	0.0157068062827	0.0994764397906	0.34554973822	0.0	191
22295026750	21	0.647058823529	474.088235294	0.0	0.352941176471	0.0	0.0	34
22295024887	14	0.882352941176	3263.57352941	0.0588235294118	0.117647058824	0.0	0.0	68
55058009933	15	0.990990990991	582.297297297	0.00900900900901	0.00900900900901	0.0	0.0	111
22295036780	20	0.860465116279	2732.97674419	0.302325581395	0.124031007752	0.0077519379845	0.0077519379845	129
22295026810	19	1.0	1306.0	0.0	0.0	0.0	0.0	9
22295026810	21	0.776255707763	5979.23287671	0.100456621005	0.2100456621	0.00913242009132	0.00456621004566	219
22295010604	22	1.0	2431.5	0.0	0.0	0.0	0.0	2
55058058484	2	0.769230769231	384.692307692	0.0	0.0	0.230769230769	0.0	13
22295010011	5	1.0	4917.49315068	0.356164383562	0.0	0.0	0.0	73
22295030686	12	0.953020134228	1764.24832215	0.0201342281879	0.00671140939597	0.0402684563758	0.0	149
22295015770	12	0.891891891892	974.486486486	0.00900900900901	0.027027027027	0.0810810810811	0.0	111
22295026760	23	0.985294117647	2346.16176471	0.0882352941176	0.0147058823529	0.0	0.0	68
55058000367	23	0.714285714286	214.285714286	0.142857142857	0.0	0.0	0.285714285714	7
22295016760	11	0.666666666667	1691.47619048	0.0952380952381	0.0	0.333333333333	0.0	21
55058054727	8	0.942857142857	337.628571429	0.0	0.0	0.0	0.0571428571429	35
22295019356	7	0.848	4901.72	0.04	0.008	0.032	0.112	125
22295026810	20	0.92	5360.64	0.16	0.08	0.0	0.0	25
22295026660	12	0.98224852071	2802.98224852	0.12426035503	0.0118343195266	0.00591715976331	0.0	169
22295026770	20	0.863636363636	7120.61363636	0.227272727273	0.0454545454545	0.0681818181818	0.0227272727273	44
55058000682	20	0.794117647059	1173.17647059	0.0147058823529	0.205882352941	0.0	0.0	68
